id,dmb_id,first_name,last_name,position
1,10836,Yamil,Benitez,lf
2,11476,Scott,Brosius,3b
3,24635,Orlando,Cabrera,2b
4,24686,Shane,Halter,3b
5,15246,Jeffrey,Hammonds,rf
6,15748,Bobby,Higginson,rf
7,16960,Ryan,Klesko,1b
8,17249,Tom,Lampkin,c
9,17863,Mike,Macfarlane,c
10,17885,Shane,Mack,lf
11,24529,Wendell,Magee,lf
12,20957,Ruben,Rivera,ss
13,21349,Rey,Sanchez,2b
14,21659,David,Segui,dh
15,24765,Richie,Sexson,1b
16,22217,Sammy,Sosa,dh
17,22266,Bill,Spiers,3b
18,22474,Kelly,Stinnett,c
19,10030,Juan,Acevedo,mr
20,24616,Carlos,Almanzar,mr
21,10531,Brian,Barber,sp
22,11452,Doug,Brocail,mr
23,24467,Jason,Dickson,sp
24,24670,Tom,Fordham,mr
25,24678,Wayne,Gomes,mr
26,15339,Pete,Harnisch,sp
27,24697,Jason,Johnson,mr
28,16428,John,Johnstone,mr
29,16553,Todd,Jones,cl
30,24545,Brian,Moehler,mr
31,19457,Robb,Nen,cl
32,24931,Russ,Ortiz,sp
33,19976,Steve,Parris,sp
34,20169,Robert,Person,cl
35,24946,Jeremy,Powell,sp
36,21056,Frank,Rodriguez,sp
37,23376,Ron,Villone,mr
38,24138,Bob,Wolcott,sp
39,24792,Steve,Woodard,mr
40,10414,Carlos,Baerga,3b
41,11670,Ellis,Burks,dh
42,12070,Vinny,Castilla,3b
43,13144,Carlos,Delgado,1b
44,24472,Jermaine,Dye,rf
45,14260,Matt,Franco,1b
46,24482,Nomar,Garciaparra,dh
47,24684,Jose,Guillen,dh
48,24877,A.J.,Hinch,c
49,24705,Paul,Konerko,1b
50,18642,Brian,McRae,cf
51,21327,Tim,Salmon,dh
52,22195,Luis,Sojo,ss
53,22458,Shannon,Stewart,lf
54,22713,Mike,Sweeney,dh
55,10087,Rick,Aguilera,cl
56,24618,Manny,Aybar,mr
57,24622,Shayne,Bennett,mr
58,12551,Dennis,Cook,mr
59,24838,Ryan,Dempster,sp
60,13806,Shawn,Estes,sp
61,24679,Jeremi,Gonzalez,mr
62,15642,Pat,Hentgen,sp
63,15702,Orel,Hershiser,sp
64,16642,Scott,Kamieniecki,sp
65,24519,Andy,Larkin,sp
66,17640,Graeme,Lloyd,mr
67,18597,Greg,McMichael,mr
68,18727,Jose,Mercedes,sp
69,24921,Eric,Milton,sp
70,19020,Jeff,Montgomery,cl
71,24943,Cliff,Politte,mr
72,20517,Bill,Pulsipher,mr
73,24760,Glendon,Rusch,mr
74,21309,A.J.,Sager,mr
75,23627,Allen,Watson,sp
76,24799,Paul,Bako,c
77,24480,Andy,Fox,2b
78,15931,Todd,Hollandsworth,lf
79,16155,Brian,Hunter,1b
80,24513,Terry,Jones,cf
81,16670,Eric,Karros,1b
82,17919,Dave,Magadan,3b
83,18128,Edgar,Martinez,dh
84,18668,Pat,Meares,ss
85,18956,Kevin,Mitchell,dh
86,19683,Jose,Offerman,1b
87,19906,Tom,Pagnozzi,c
88,19917,Dean,Palmer,dh
89,20130,Eduardo,Perez,1b
90,22344,Mike,Stanley,dh
91,24783,Jose,Vidro,dh
92,23453,Matt,Walbeck,c
93,24796,Matt,Anderson,mr
94,24810,Chad,Bradford,mr
95,11803,Greg,Cadaret,mr
96,11902,Tom,Candiotti,sp
97,12153,Norm,Charlton,mr
98,12285,Mark,Clark,sp
99,24833,Dean,Crow,mr
100,24845,Brian,Edmondson,mr
101,14840,Tom,Gordon,mr
102,14877,Mike,Grace,sp
103,16091,John,Hudek,mr
104,17284,Mark,Langston,sp
105,20809,Armando,Reynoso,sp
106,22007,Aaron,Small,sp
107,22293,Russ,Springer,mr
108,22759,Kevin,Tapani,sp
109,24596,Justin,Thompson,sp
110,23092,Steve,Trachsel,sp
111,24611,Esteban,Yan,mr
112,10177,Sandy,Alomar,c
113,10420,Jeff,Bagwell,1b
114,13599,Damion,Easley,2b
115,13990,Cecil,Fielder,dh
116,15036,Marquis,Grissom,cf
117,15087,Ozzie,Guillen,ss
118,15461,Scott,Hatteberg,1b
119,16338,Gregg,Jefferies,lf
120,17541,Mark,Lewis,2b
121,19004,Raul,Mondesi,rf
122,19944,Mark,Parent,c
123,20137,Robert,Perez,rf
124,24576,Edgar,Renteria,ss
125,20928,Cal,Ripken,3b
126,22213,Paul,Sorrento,dh
127,23858,Rondell,White,lf
128,24384,Todd,Zeile,1b
129,10386,Steve,Avery,mr
130,10788,Tim,Belcher,sp
131,12481,David,Cone,sp
132,14256,John,Franco,mr
133,16847,Jimmy,Key,mr
134,17568,Jose,Lima,sp
135,18123,Dennis,Martinez,mr
136,20127,Troy,Percival,cl
137,21542,Pete,Schourek,sp
138,22236,Steve,Sparks,sp
139,22288,Dennis,Springer,sp
140,23600,John,Wasdin,mr
141,24610,Jamey,Wright,mr
142,10230,Garret,Anderson,lf
143,10911,Sean,Berry,3b
144,24446,Kevin,Brown,c
145,12591,Joey,Cora,2b
146,24460,Felipe,Crespo,rf
147,13010,Chili,Davis,dh
148,24661,Todd,Dunwoody,cf
149,14612,Jason,Giambi,1b
150,14703,Ed,Giovanola,2b
151,24862,Alex,Gonzalez,ss
152,24502,Tyler,Houston,3b
153,24881,Bobby,Hughes,c
154,24506,Raul,Ibanez,lf
155,17123,Chad,Kreuter,c
156,17306,Barry,Larkin,ss
157,18248,Derrick,May,lf
158,19648,Alex,Ochoa,rf
159,24743,Kevin,Polcovich,ss
160,22523,Doug,Strange,3b
161,10439,Scott,Bailes,mr
162,24629,Chris,Brock,mr
163,24816,Mike,Buddie,mr
164,24869,John,Halama,mr
165,15237,Joey,Hamilton,sp
166,15254,Mike,Hampton,sp
167,15478,LaTroy,Hawkins,mr
168,15627,Doug,Henry,mr
169,24550,Alvin,Morman,mr
170,19368,Mike,Myers,mr
171,20594,Brad,Radke,sp
172,24959,John,Rocker,mr
173,24758,Brian,Rose,sp
174,24962,Sean,Runyan,mr
175,21366,Scott,Sanders,sp
176,24975,John,Snyder,sp
177,22511,Todd,Stottlemyre,sp
178,23442,Paul,Wagner,sp
179,24987,Bryan,Ward,mr
180,10219,Brady,Anderson,cf
181,11631,Jay,Buhner,rf
182,24476,Bobby,Estalella,c
183,13856,Jorge,Fabregas,c
184,24484,Doug,Glanville,cf
185,14800,Luis,Gonzalez,lf
186,14814,Curtis,Goodwin,cf
187,14973,Rusty,Greer,lf
188,15231,Bob,Hamelin,1b
189,15658,Carlos,Hernandez,c
190,24706,Mark,Kotsay,lf
191,24562,Greg,Norton,1b
192,19710,John,Olerud,1b
193,24580,Scott,Rolen,3b
194,24592,Scott,Spiezio,3b
195,22589,Chris,Stynes,3b
196,23346,Randy,Velarde,2b
197,23352,Quilvio,Veras,2b
198,23395,Omar,Vizquel,2b
199,10350,Pedro,Astacio,sp
200,11033,Willie,Blair,mr
201,11105,Doug,Bochtler,mr
202,11231,Kent,Bottenfield,mr
203,12050,Frank,Castillo,sp
204,13441,Doug,Drabek,sp
205,14268,John,Frascatore,mr
206,15648,Gil,Heredia,sp
207,17460,Mark,Leiter,cl
208,18420,Jack,McDowell,sp
209,19565,Hideo,Nomo,sp
210,20405,Mark,Portugal,sp
211,20936,Bill,Risley,mr
212,22345,Mike,Stanton,mr
213,22727,Greg,Swindell,mr
214,22790,Billy,Taylor,cl
215,22842,Anthony,Telford,mr
216,23358,Dave,Veres,mr
217,23729,Turk,Wendell,mr
218,24790,Scott,Winchester,sp
219,24614,Jeff,Abbott,cf
220,10797,David,Bell,3b
221,10796,Derek,Bell,rf
222,11183,Bret,Boone,2b
223,12569,Ron,Coomer,1b
224,12608,Wil,Cordero,1b
225,13488,Rob,Ducey,rf
226,14974,Shawn,Green,rf
227,15072,Mark,Grudzielanek,2b
228,24709,Derrek,Lee,1b
229,18124,Dave,Martinez,rf
230,24533,Damon,Mashore,rf
231,19627,Charlie,O'Brien,c
232,19709,Troy,OLeary,lf
233,20487,Tom,Prince,c
234,24575,Desi,Relaford,ss
235,23331,Mo,Vaughn,1b
236,23681,John,Wehner,rf
237,10523,Willie,Banks,mr
238,10667,Miguel,Batista,mr
239,10756,Rod,Beck,mr
240,11111,Brian,Boehringer,mr
241,13778,Scott,Erickson,mr
242,15116,Mark,Guthrie,mr
243,24498,Livan,Hernandez,mr
244,16603,Jeff,Juden,sp
245,17709,Albie,Lopez,mr
246,19380,Charles,Nagy,sp
247,24934,Bronswell,Patrick,mr
248,20646,Pat,Rapp,sp
249,20825,Shane,Reynolds,sp
250,24966,Jesus,Sanchez,sp
251,24587,Dan,Serafini,mr
252,24795,Gabe,Alvarez,3b
253,10304,Alex,Arias,ss
254,11118,Tim,Bogar,ss
255,11909,Jose,Canseco,dh
256,12662,Craig,Counsell,ss
257,13019,Eric,Davis,rf
258,14400,Andres,Galarraga,1b
259,14829,Tom,Goodwin,lf
260,15119,Ricky,Gutierrez,2b
261,15604,Rickey,Henderson,lf
262,15898,Chris,Hoiles,c
263,24882,Ryan,Jackson,1b
264,24708,Chris,Latham,lf
265,18051,Kirt,Manwaring,c
266,24721,Eli,Marrero,lf
267,18148,Norberto,Martin,2b
268,18580,Mark,McLemore,2b
269,19101,Mike,Mordecai,3b
270,24553,Bill,Mueller,3b
271,23153,Michael,Tucker,rf
272,23699,Walt,Weiss,ss
273,10220,Brian,Anderson,sp
274,12328,Roger,Clemens,sp
275,24656,Rick,DeHart,mr
276,15105,Eric,Gunderson,mr
277,18042,Matt,Mantei,mr
278,24908,Javier,Martinez,mr
279,18204,T.J.,Mathews,mr
280,18986,Mike,Mohler,mr
281,19270,Mike,Munoz,mr
282,20141,Yorkis,Perez,mr
283,20327,Jim,Pittsley,mr
284,20344,Dan,Plesac,mr
285,20351,Eric,Plunk,mr
286,20384,Jim,Poole,mr
287,20717,Rick,Reed,sp
288,24960,Rafael,Roque,sp
289,24581,Jose,Rosado,sp
290,21296,Bret,Saberhagen,sp
291,21637,Rudy,Seanez,mr
292,10442,Harold,Baines,dh
293,24445,Brant,Brown,cf
294,24821,Mike,Caruso,ss
295,12093,Domingo,Cedeno,ss
296,13559,Ray,Durham,2b
297,24475,Darin,Erstad,1b
298,14796,Juan,Gonzalez,rf
299,16570,Kevin,Jordan,1b
300,17402,Aaron,Ledesma,ss
301,17548,Jim,Leyritz,dh
302,18200,Mike,Matheny,c
303,18389,Quinton,McCracken,cf
304,19722,Joe,Oliver,c
305,20608,Tim,Raines,lf
306,23328,Greg,Vaughn,lf
307,23350,Robin,Ventura,1b
308,24640,Mike,Cather,mr
309,24657,Mike,DeJean,mr
310,13690,Cal,Eldred,mr
311,15044,Buddy,Groom,mr
312,15824,Sterling,Hitchcock,mr
313,16664,Scott,Karl,sp
314,17641,Esteban,Loaiza,mr
315,24913,Brian,Meadows,mr
316,18730,Kent,Mercker,mr
317,20193,Mark,Petkovsek,mr
318,20539,Paul,Quantrill,mr
319,22721,Bill,Swift,sp
320,22784,Julian,Tavarez,mr
321,10013,Kurt,Abbott,ss
322,10206,Rich,Amaral,lf
323,24804,Justin,Baughman,2b
324,11155,Barry,Bonds,lf
325,24449,Miguel,Cairo,1b
326,24468,Mike,DiFelice,c
327,24663,Juan,Encarnacion,rf
328,24675,Brad,Fullmer,dh
329,15233,Darryl,Hamilton,cf
330,24875,Bob,Henley,c
331,16599,Wally,Joyner,1b
332,24525,Matt,Luke,ph
333,24569,Neifi,Perez,ss
334,24573,Chris,Pritchett,1b
335,22282,Ed,Sprague,3b
336,23480,Larry,Walker,rf
337,23983,Matt,Williams,3b
338,24667,Scott,Eyre,mr
339,14976,Tyler,Green,sp
340,24494,Pep,Harris,mr
341,24876,Orlando,Hernandez,sp
342,17906,Mike,Maddux,mr
343,17929,Mike,Magnante,mr
344,19369,Randy,Myers,cl
345,24945,Brian,Powell,mr
346,24762,Julio,Santana,mr
347,24589,Jose,Silva,sp
348,24980,Blake,Stein,sp
349,24594,Mac,Suzuki,sp
350,24777,Brett,Tomko,mr
351,23243,Ugueth,Urbina,mr
352,23452,Tim,Wakefield,sp
353,24787,Matt,Whisenant,mr
354,24443,Brent,Brede,rf
355,24639,Frank,Catalanotto,rf
356,24825,Ryan,Christenson,cf
357,24651,Deivi,Cruz,2b
358,13838,Carl,Everett,dh
359,14146,Cliff,Floyd,dh
360,16494,Chipper,Jones,3b
361,24898,Travis,Lee,1b
362,24904,Mendy,Lopez,1b
363,17854,John,Mabry,rf
364,24737,Luis,Ordaz,ss
365,24955,Mike,Redmond,c
366,21061,Ivan,Rodriguez,c
367,21656,Kevin,Sefcik,rf
368,23578,Turner,Ward,cf
369,24328,Eric,Young,lf
370,10827,Andy,Benes,sp
371,24636,Chris,Carpenter,sp
372,15077,Eddie,Guardado,mr
373,16658,Matt,Karchner,cl
374,24715,Derek,Lowe,sp
375,18669,Jim,Mecir,mr
376,18823,Alan,Mills,mr
377,19548,C.J.,Nitkowski,mr
378,19813,Donovan,Osborne,sp
379,19952,Chan Ho,Park,mr
380,20718,Steve,Reed,mr
381,24752,Ricardo,Rincon,mr
382,21235,Kirk,Rueter,sp
383,22116,Pete,Smith,mr
384,24776,Mike,Thurman,sp
385,10824,Marvin,Benard,lf
386,12094,Roger,Cedeno,rf
387,24647,Lou,Collier,ss
388,13199,Delino,DeShields,2b
389,13547,Shawon,Dunston,2b
390,13725,Kevin,Elster,ss
391,14444,Ron,Gant,lf
392,24682,Ben,Grieve,rf
393,16189,Butch,Huskey,rf
394,16732,Roberto,Kelly,cf
395,18516,Mark,McGwire,1b
396,19471,Phil,Nevin,1b
397,24942,Placido,Polanco,3b
398,24950,Aramis,Ramirez,3b
399,20637,Joe,Randa,3b
400,21789,Gary,Sheffield,lf
401,24026,Dan,Wilson,c
402,24834,Vic,Darensbourg,mr
403,13458,Darren,Dreifort,mr
404,13982,Mike,Fetters,mr
405,24865,Seth,Greisinger,sp
406,15497,Jimmy,Haynes,sp
407,15679,Xavier,Hernandez,mr
408,15877,Trevor,Hoffman,mr
409,19835,Antonio,Osuna,mr
410,24578,Nerio,Rodriguez,sp
411,21520,Jason,Schmidt,sp
412,22277,Paul,Spoljaric,mr
413,24989,Jarrod,Washburn,sp
414,24010,Woody,Williams,sp
415,24999,Kerry,Wood,mr
416,10373,Rich,Aurilia,1b
417,10904,Geronimo,Berroa,lf
418,10959,Craig,Biggio,2b
419,11062,Jeff,Blauser,ss
420,11086,Mike,Blowers,3b
421,24633,Rich,Butler,lf
422,24453,Luis,Castillo,2b
423,13644,Jim,Edmonds,cf
424,14180,Brook,Fordyce,c
425,14977,Willie,Greene,rf
426,15838,Denny,Hocking,lf
427,16394,Charles,Johnson,c
428,24740,David,Ortiz,dh
429,21380,F.P.,Santangelo,lf
430,22314,Matt,Stairs,lf
431,22936,Jim,Thome,dh
432,23850,Mark,Whiten,lf
433,10011,Jim,Abbott,sp
434,10201,Wilson,Alvarez,mr
435,24638,Carlos,Castillo,mr
436,12201,Jason,Christiansen,mr
437,15672,Roberto,Hernandez,mr
438,24700,Bobby M.,Jones,sp
439,16860,Darryl,Kile,sp
440,24522,Rich,Loiselle,cl
441,18149,Pedro,Martinez,sp
442,22192,Clint,Sodowsky,mr
443,22462,Dave,Stieb,mr
444,22639,Scott,Sullivan,mr
445,23259,Marc,Valdes,mr
446,23834,Gabe,White,mr
447,23872,Bob,Wickman,cl
448,10837,Mike,Benjamin,2b
449,11852,Mike,Cameron,cf
450,24478,Sal,Fasano,c
451,14384,Gary,Gaetti,3b
452,14460,Freddy,Garcia,3b
453,14779,Chris,Gomez,2b
454,14876,Mark,Grace,1b
455,14944,Craig,Grebeck,2b
456,24883,Geoff,Jenkins,rf
457,16492,Chris,Jones,rf
458,16564,Brian,Jordan,lf
459,24527,Robert,Machado,c
460,18110,Al,Martin,dh
461,24739,Kevin,Orie,3b
462,20710,Jeff,Reed,c
463,24963,Donnie,Sadler,3b
464,22245,Tim,Spehr,c
465,23377,Fernando,Vina,2b
466,23811,Devon,White,cf
467,24801,Travis,Baptist,mr
468,11162,Ricky,Bones,mr
469,24455,Bobby,Chouinard,mr
470,24458,Francisco,Cordova,sp
471,24880,Bob,Howry,mr
472,24925,Trey,Moore,sp
473,20129,Carlos,Perez,sp
474,24764,Tony,Saunders,sp
475,21667,Aaron,Sele,mr
476,21915,Bill,Simas,cl
477,24768,Rob,Stanifer,mr
478,22437,Dave,Stevens,mr
479,22658,Jeff,Suppan,sp
480,11528,Kevin,Brown,sp
481,24430,Kimera,Bartee,cf
482,24809,Dave,Berg,lf
483,11200,Mike,Bordick,2b
484,12045,Alberto,Castillo,c
485,12388,Greg,Colbrunn,1b
486,12607,Marty,Cordova,lf
487,13965,Tony,Fernandez,2b
488,14020,Steve,Finley,cf
489,24485,Tony,Graffanino,2b
490,15127,Tony,Gwynn,rf
491,15437,Bill,Haselman,c
492,18164,Tino,Martinez,1b
493,19605,Jon,Nunnally,rf
494,20257,Mike,Piazza,dh
495,20973,Bip,Roberts,dh
496,24973,Bobby,Smith,3b
497,24778,Bubba,Trammell,lf
498,23926,Bernie,Williams,cf
499,10341,Andy,Ashby,sp
500,24448,Mike,Busby,mr
501,14134,Bryce,Florie,mr
502,15655,Dustin,Hermanson,cl
503,24712,Kerry,Ligtenberg,mr
504,19235,Terry,Mulholland,mr
505,19687,Chad,Ogea,sp
506,20260,Hipolito,Pichardo,sp
507,20435,Jay,Powell,mr
508,20769,Bryan,Rekar,sp
509,22878,Bob,Tewksbury,sp
510,23009,Mike,Timlin,mr
511,23730,Don,Wengert,mr
512,11244,Rafael,Bournigal,ss
513,11331,Darren,Bragg,cf
514,12232,Jeff,Cirillo,dh
515,12316,Royce,Clayton,ss
516,12879,Chad,Curtis,lf
517,24690,Todd,Helton,1b
518,16052,Thomas,Howard,cf
519,24891,Danny,Klassen,3b
520,17472,Mark,Lemke,2b
521,17534,Darren,Lewis,cf
522,24719,Felix,Martinez,ss
523,24531,Manny,Martinez,cf
524,24723,Jason,McDonald,cf
525,24725,Ryan,McGuire,lf
526,24916,Lou,Merloni,1b
527,18806,Matt,Mieske,lf
528,19096,Mickey,Morandini,2b
529,19537,Melvin,Nieves,rf
530,20131,Eddie,Perez,c
531,20409,Jorge,Posada,dh
532,22324,Andy,Stankiewicz,2b
533,24779,Javier,Valentin,1b
534,24789,Enrique,Wilson,2b
535,10881,Sean,Bergman,sp
536,11124,Brian,Bohanon,mr
537,24648,Bartolo,Colon,sp
538,13156,Rich,DeLucia,mr
539,14486,Mark,Gardner,sp
540,16502,Doug,Jones,mr
541,18156,Ramon,Martinez,sp
542,19412,Denny,Neagle,sp
543,20806,Carlos,Reyes,mr
544,21494,Curt,Schilling,sp
545,22286,Jerry,Spradlin,mr
546,23859,Rick,White,mr
547,10207,Ruben,Amaro,lf
548,24431,Tony,Batista,1b
549,10807,Albert,Belle,lf
550,24626,Aaron,Boone,1b
551,11349,Jeff,Branson,2b
552,11461,Rico,Brogna,1b
553,11628,Damon,Buford,cf
554,12009,Joe,Carter,rf
555,12056,Juan,Castro,ss
556,14660,Brian,Giles,rf
557,16814,Jeff,Kent,2b
558,19543,Dave,Nilsson,1b
559,20249,Tony,Phillips,lf
560,20481,Curtis,Pride,rf
561,24748,Pokey,Reese,ss
562,21692,Scott,Servais,c
563,21841,Craig,Shipley,3b
564,23273,John,Valentin,3b
565,24612,Dmitri,Young,1b
566,24798,Rolando,Arrojo,sp
567,11591,Jim,Bruske,sp
568,11648,Dave,Burba,mr
569,12701,Tim,Crabtree,mr
570,13290,Jerry,Dipoto,cl
571,19127,Mike,Morgan,sp
572,19405,Jaime,Navarro,sp
573,19716,Darren,Oliver,mr
574,19781,Jesse,Orosco,mr
575,19909,Lance,Painter,mr
576,24570,Chris,Peters,sp
577,21087,Kenny,Rogers,sp
578,24775,John,Thomson,sp
579,23768,John,Wetteland,cl
580,10131,Luis,Alicea,2b
581,10757,Rich,Becker,rf
582,11702,Jeromy,Burnitz,rf
583,14092,John,Flaherty,c
584,14462,Karim,Garcia,rf
585,14705,Joe,Girardi,c
586,24491,Wilton,Guerrero,2b
587,15384,Lenny,Harris,ph
588,15780,Glenallen,Hill,lf
589,16297,John,Jaha,1b
590,24511,Andruw,Jones,lf
591,18498,Fred,McGriff,dh
592,19551,Otis,Nixon,cf
593,21050,Alex,Rodriguez,3b
594,24772,Fernando,Tatis,1b
595,24781,Jason,Varitek,c
596,24995,Randy,Winn,rf
597,24434,Matt,Beech,sp
598,10867,Jason,Bere,sp
599,24644,Ken,Cloude,sp
600,24465,Elmer,Dessens,mr
601,24846,Scott,Elarton,mr
602,13918,Jeff,Fassero,mr
603,24486,Danny,Graves,cl
604,24703,Curtis,King,mr
605,17131,Rick,Krivda,mr
606,24914,Rafael,Medina,sp
607,24736,Kirt,Ojala,mr
608,24567,Danny,Patterson,mr
609,24935,Carl,Pavano,sp
610,20833,Arthur,Rhodes,mr
611,21057,Felix,Rodriguez,mr
612,21066,Rich,Rodriguez,mr
613,21105,Mel,Rojas,mr
614,23256,Ismael,Valdes,sp
615,24162,Brad,Woodall,sp
616,12855,Midre,Cummings,dh
617,14116,Darrin,Fletcher,c
618,14343,Travis,Fryman,3b
619,16087,Trenidad,Hubbard,cf
620,16255,Darrin,Jackson,cf
621,16383,Brian,Johnson,c
622,16894,Jeff,King,1b
623,17724,Mark,Loretta,3b
624,18168,John,Marzano,c
625,19763,Paul,O'Neill,rf
626,19926,Rafael,Palmeiro,1b
627,21059,Henry,Rodriguez,lf
628,24588,Andy,Sheets,ss
629,22171,J.T.,Snow,1b
630,24771,Larry,Sutton,rf
631,11348,Jeff,Brantley,cl
632,12975,Danny,Darwin,sp
633,15937,Darren,Holmes,mr
634,16402,Doug,Johns,mr
635,17456,Al,Leiter,sp
636,18435,Chuck,McElroy,mr
637,18970,Dave,Mlicki,sp
638,19736,Gregg,Olson,cl
639,20771,Mike,Remlinger,mr
640,20805,Al,Reyes,mr
641,21424,Bob,Scanlan,mr
642,22737,Jeff,Tabaka,mr
643,23429,Billy,Wagner,cl
644,23717,David,Wells,sp
645,24214,Tim,Worrell,mr
646,10130,Edgardo,Alfonzo,3b
647,24806,Adrian,Beltre,3b
648,24637,Sean,Casey,1b
649,12302,Tony,Clark,1b
650,12943,Johnny,Damon,lf
651,24861,Troy,Glaus,1b
652,24490,Vladimir,Guerrero,dh
653,16037,David,Howard,2b
654,16152,Todd,Hundley,lf
655,16365,Derek,Jeter,ss
656,17371,Matt,Lawton,rf
657,24897,Ricky,Ledee,lf
658,24564,Keith,Osik,c
659,24774,Miguel,Tejada,3b
660,24602,Todd,Walker,2b
661,23878,Chris,Widger,c
662,10391,Bobby,Ayala,mr
663,10489,James,Baldwin,mr
664,11232,Ricky,Bottalico,mr
665,13729,Alan,Embree,mr
666,24665,Kelvim,Escobar,sp
667,24850,Joe,Fontenot,sp
668,24672,Chad,Fox,mr
669,15293,Erik,Hanson,sp
670,24497,Felix,Heredia,mr
671,24901,Carlton,Loewer,sp
672,24728,Kevin,Millwood,sp
673,24933,Jim,Parque,sp
674,21878,Paul,Shuey,mr
675,21951,Mike,Sirotka,sp
676,24986,Javier,Vazquez,sp
677,24609,Jay,Witasick,mr
678,24793,Jaret,Wright,sp
679,24423,Jermaine,Allensworth,cf
680,10947,Dante,Bichette,lf
681,11122,Wade,Boggs,3b
682,11201,Pat,Borders,c
683,12304,Will,Clark,1b
684,13291,Gary,DiSarcina,ss
685,15489,Charlie,Hayes,1b
686,24515,Jason,Kendall,c
687,17298,Mike,Lansing,2b
688,17652,Keith,Lockhart,2b
689,18473,Willie,McGee,rf
690,18734,Orlando,Merced,rf
691,18993,Paul,Molitor,dh
692,24738,Magglio,Ordonez,rf
693,21360,Reggie,Sanders,rf
694,22403,Terry,Steinbach,c
695,22712,Mark,Sweeney,1b
696,23394,Jose,Vizcaino,2b
697,10349,Paul,Assenmacher,mr
698,10791,Stan,Belinda,mr
699,12630,Jim,Corsi,mr
700,13625,Dennis,Eckersley,mr
701,14018,Chuck,Finley,sp
702,19442,Jeff,Nelson,mr
703,19725,Omar,Olivares,sp
704,19773,Mike,Oquist,sp
705,20593,Scott,Radinsky,mr
706,20955,Mariano,Rivera,cl
707,22150,John,Smoltz,sp
708,24595,Amaury,Telemaco,mr
709,25000,Masato,Yoshii,sp
710,10181,Moises,Alou,lf
711,10266,Shane,Andrews,3b
712,10693,Danny,Bautista,rf
713,15918,Dave,Hollins,3b
714,16334,Stan,Javier,rf
715,16766,Pat,Kelly,2b
716,17008,Chuck,Knoblauch,2b
717,17291,Ray,Lankford,lf
718,17561,Mike,Lieberthal,c
719,18266,Brent,Mayne,c
720,19925,Orlando,Palmeiro,lf
721,20688,Jeff,Reboulet,2b
722,24786,Pat,Watkins,cf
723,24340,Kevin,Young,1b
724,10116,Scott,Aldred,mr
725,11675,John,Burkett,sp
726,11789,Paul,Byrd,sp
727,14467,Rich,Garces,mr
728,14719,Tom,Glavine,sp
729,14816,Dwight,Gooden,sp
730,15574,Rick,Helling,mr
731,16267,Mike,Jackson,mr
732,24704,Steve,Kline,mr
733,17943,Ron,Mahay,mr
734,24538,Ramiro,Mendoza,mr
735,24542,Trever,Miller,mr
736,19217,Jamie,Moyer,sp
737,23131,Mike,Trombley,mr
738,10176,Roberto,Alomar,2b
739,10806,Jay,Bell,2b
740,11166,Bobby,Bonilla,3b
741,13820,Tony,Eusebio,c
742,14664,Bernard,Gilkey,lf
743,15663,Jose,Hernandez,1b
744,24693,Richard,Hidalgo,rf
745,16344,Reggie,Jefferson,dh
746,16438,Lance,Johnson,cf
747,16761,Mike,Kelly,lf
748,19361,Greg,Myers,c
749,24563,Rey,Ordonez,ss
750,20619,Manny,Ramirez,lf
751,22659,B.J.,Surhoff,lf
752,22916,Frank,Thomas,dh
753,23669,Lenny,Webster,c
754,10065,Terry,Adams,mr
755,24615,Antonio,Alfonseca,mr
756,11990,Hector,Carrasco,mr
757,15790,Ken,Hill,sp
758,24696,Hideki,Irabu,sp
759,17560,Jon,Lieber,mr
760,17900,Greg,Maddux,sp
761,18754,Jose,Mesa,mr
762,18791,Dan,Miceli,mr
763,20198,Andy,Pettitte,sp
764,21691,Scott,Service,mr
765,21760,Jeff,Shaw,cl
766,22003,Heathcliff,Slocumb,mr
767,23499,Donne,Wall,mr
768,10126,Manny,Alexander,ss
769,10375,Brad,Ausmus,c
770,24630,Adrian,Brown,cf
771,11855,Ken,Caminiti,3b
772,11904,John,Cangelosi,cf
773,12486,Jeff,Conine,1b
774,13049,Russ,Davis,3b
775,14528,Brent,Gates,3b
776,17664,Kenny,Lofton,cf
777,18111,Sandy,Martinez,c
778,24727,Damian,Miller,c
779,24924,Shane,Monahan,lf
780,19153,Hal,Morris,1b
781,19476,Marc,Newfield,lf
782,20106,Terry,Pendleton,dh
783,21921,Mike,Simms,rf
784,22440,Lee,Stevens,dh
785,22480,Kevin,Stocker,ss
786,22522,Darryl,Strawberry,dh
787,23274,Jose,Valentin,2b
788,23957,Gerald,Williams,lf
789,24159,Tony,Womack,lf
790,10834,Armando,Benitez,mr
791,12900,Omar,Daal,sp
792,24671,Keith,Foulke,mr
793,15123,Juan,Guzman,sp
794,15268,Chris,Haney,mr
795,16453,Randy,Johnson,sp
796,24514,Greg,Keagle,sp
797,24523,Eric,Ludwick,sp
798,19349,Mike,Mussina,sp
799,24742,Marc,Pisciotta,mr
800,24944,Sidney,Ponson,sp
801,24978,Stan,Spencer,sp
802,23715,Bob,Wells,mr
803,23985,Mike,Williams,cl
804,24123,Bobby,Witt,sp
805,12258,Dave,Clark,rf
806,13683,Jim,Eisenreich,1b
807,24853,Mike,Frank,cf
808,17636,Scott,Livingstone,3b
809,21180,Rico,Rossy,3b
810,22107,Mark,Smith,lf
811,22168,Chris,Snopek,3b
812,24982,Darond,Stovall,lf
813,24436,Brian,Bevil,mr
814,12068,Tony,Castillo,mr
815,24501,Mike,Holtz,mr
816,24732,Matt,Morris,sp
817,19915,Donn,Pall,mr
818,23306,Todd,Van Poppel,mr
819,24791,Darrin,Winston,mr
820,24807,Carlos,Beltran,rf
821,24694,Torii,Hunter,rf
822,25022,Dave,Borkowski,mr
823,25116,Onan,Masaoka,mr
824,25198,Jeff,Weaver,mr
825,24794,Benny,Agbayani,rf
826,24937,Angel,Pena,c
827,24824,Jin,Ho Cho,sp
828,12616,Rheal,Cormier,mr
829,17956,Pat,Mahomes,mr
830,25150,Kyle,Peterson,sp
831,24797,Marlon,Anderson,lf
832,24835,Brian,Daubach,1b
833,24868,Jerry,Hairston,2b
834,25109,Mike,Lincoln,mr
835,24560,Dan,Naulty,mr
836,25178,Scott,Sauerbeck,mr
837,24912,Joe,McEwing,3b
838,10015,Paul,Abbott,sp
839,25016,Kris,Benson,sp
840,24634,Jose,Cabrera,mr
841,13679,Dave,Eiland,sp
842,25181,Steve,Schrenk,mr
843,24836,Ben,Davis,c
844,25057,Erubiel,Durazo,dh
845,21882,Terry,Shumpert,2b
846,13958,Alex,Fernandez,sp
847,25120,Joe,Mays,sp
848,24785,Jeff,Wallace,mr
849,25013,Kevin,Barker,1b
850,24473,Angel,Echevarria,rf
851,25184,Chris,Singleton,cf
852,25066,Eric,Gagne,mr
853,24870,Roy,Halladay,sp
854,24548,Steve,Montgomery,mr
855,24848,Carlos,Febles,2b
856,25006,Jimmy,Anderson,mr
857,25063,Kyle,Farnsworth,mr
858,25122,Kevin,McGlinchy,mr
859,24749,Dennys,Reyes,mr
860,25172,Ryan,Rupe,sp
861,24763,Jose,Santiago,mr
862,25089,Ramon,Hernandez,c
863,24699,Russ,Johnson,3b
864,24994,Preston,Wilson,cf
865,24655,Will,Cunnane,mr
866,24625,Henry,Blanco,c
867,24889,Gabe,Kapler,rf
868,25133,Warren,Morris,2b
869,19211,James,Mouton,lf
870,24854,Chris,Fussell,sp
871,25211,Dan,Smith,mr
872,25199,Kip,Wells,sp
873,24653,Jose,Cruz,lf
874,24857,Jeremy,Giambi,dh
875,25078,Cristian,Guzman,2b
876,25102,Jason,LaRue,c
877,25023,Micah,Bowie,mr
878,25209,Jeff,Zimmerman,mr
879,24488,Todd,Greene,c
880,24517,Gene,Kingsale,cf
881,22946,Mark,Thompson,sp
882,24803,Michael,Barrett,c
883,24507,Damian,Jackson,2b
884,24956,Armando,Rios,cf
885,24971,Brian,Simmons,lf
886,25155,Lou,Pote,mr
887,24561,Trot,Nixon,rf
888,20376,Luis,Polonia,dh
889,24977,Shane,Spencer,lf
890,24654,Nelson,Cruz,mr
891,25047,Tom,Davey,mr
892,17725,Andrew,Lorraine,sp
893,24754,Todd,Ritchie,sp
894,25195,Mike,Venafro,mr
895,25002,Chad,Allen,lf
896,14342,Jeff,Frye,2b
897,12346,Brad,Clontz,mr
898,25055,Octavio,Dotel,mr
899,16672,Steve,Karsay,mr
900,25099,Billy,Koch,mr
901,24929,Vladimir,Nunez,mr
902,16443,Mark,Johnson,c
903,25117,Ruben,Mateo,rf
904,24988,Daryle,Ward,1b
905,25007,Rick,Ankiel,cf
906,25097,Byung-Hyun,Kim,sp
907,25143,Ramon,Ortiz,mr
908,25164,Dan,Reichert,mr
909,25201,Dan,Wheeler,mr
910,25206,Randy,Wolf,sp
911,25094,Jacque,Jones,lf
912,24892,Corey,Koskie,3b
913,24905,Mike,Lowell,1b
914,24920,Kevin,Millar,1b
915,24543,Doug,Mirabelli,c
916,24951,Alex,Ramirez,dh
917,21378,Benito,Santiago,c
918,10604,Jeff,Barry,cf
919,16156,Brian L.,Hunter,rf
920,25107,Jeff,Liefer,1b
921,24919,Doug,Mientkiewicz,1b
922,21307,Olmedo,Saenz,1b
923,25196,Wilton,Veras,3b
924,25092,Tim,Hudson,sp
925,25134,Guillermo,Mota,mr
926,24466,Einar,Diaz,c
927,15005,Ken,Griffey,dh
928,25106,David,Lee,mr
929,24593,Garrett,Stephenson,sp
930,25074,Wiki,Gonzalez,c
931,24767,Randall,Simon,1b
932,25203,Scott,Williamson,mr
933,16190,Jeff,Huson,2b
934,25104,Carlos,Lee,1b
935,25030,Buddy,Carlyle,mr
936,24823,Bruce,Chen,sp
937,24885,Jose,Jimenez,cl
938,24617,Bruce,Aven,lf
939,25018,Lance,Berkman,1b
940,24842,J.D.,Drew,rf
941,24541,Travis,Miller,mr
942,24558,Rodney,Myers,mr
943,24604,Marc,Wilkins,mr
944,25021,Geoff,Blum,ss
945,24632,Homer,Bush,2b
946,24826,Edgard,Clemente,cf
947,25095,Adam,Kennedy,3b
948,19862,Eric,Owens,cf
949,19940,Craig,Paquette,rf
950,20462,Todd,Pratt,c
951,10285,Kevin,Appier,sp
952,24481,Mike,Fyhrie,mr
953,25139,Joe,Nathan,cl
954,25185,J.D.,Smart,mr
955,24822,Eric,Chavez,3b
956,25200,Vernon,Wells,lf
957,11194,Pedro,Borbon,mr
958,25036,Brian,Cooper,sp
959,24500,Chris,Holt,sp
960,24903,Braden,Looper,sp
961,24717,Sean,Lowe,mr
962,24976,Justin,Speier,mr
963,24461,Jacob,Cruz,rf
964,25027,A.J.,Burnett,sp
965,24827,Matt,Clement,sp
966,24457,Rocky,Coppinger,mr
967,15025,Jason,Grimsley,mr
968,16244,Jason,Isringhausen,mr
969,25124,Gil,Meche,mr
970,24566,Jose,Paniagua,mr
971,25180,Scott,Schoeneweis,mr
972,24425,George,Arias,3b
973,24428,Brian,Banks,lf
974,10845,Gary,Bennett,c
975,11581,Jacob,Brumfield,cf
976,24645,Danny,Clyburn,lf
977,24469,David,Doster,2b
978,25059,Trent,Durrington,3b
979,24669,Mike,Figga,c
980,24674,Hanley,Frias,ss
981,24859,Charles,Gipson,3b
982,15290,Dave,Hansen,3b
983,24687,Jed,Hansen,2b
984,15900,Ray,Holbert,ss
985,16209,Tim,Hyers,1b
986,25101,David,Lamb,ss
987,24716,Terrell,Lowery,cf
988,25126,Chad,Meyers,2b
989,24922,Ryan,Minor,3b
990,24928,Jose,Nieves,ss
991,24734,Abraham,Nunez,3b
992,24932,Willis,Otanez,3b
993,20413,Scott,Pose,lf
994,25169,Liu,Rodriguez,2b
995,24970,Fernando,Seguignol,1b
996,25384,Craig,Wilson,rf
997,25009,Jamie,Arnold,mr
998,24621,Rigo,Beltran,mr
999,11402,Billy,Brewer,mr
1000,25025,Jim,Brower,mr
1001,24814,Mark,Brownson,sp
1002,24843,Mike,Duvall,mr
1003,25073,Ryan,Glynn,sp
1004,14892,Joe,Grahe,mr
1005,15295,Greg,Hansell,mr
1006,15622,Butch,Henry,sp
1007,25091,Brett,Hinchliffe,mr
1008,24701,Mike,Judd,sp
1009,25096,Masao,Kida,mr
1010,25100,Danny,Kolb,mr
1011,17598,Doug,Linton,sp
1012,17779,Larry,Luebbers,sp
1013,18203,Terry,Mathews,mr
1014,25135,Pete,Munro,sp
1015,24733,Heath,Murray,mr
1016,25148,Dan,Perkins,mr
1017,24952,Roberto,Ramirez,mr
1018,24750,Brad,Rigby,mr
1019,25174,Jason,Ryan,sp
1020,24965,Benj,Sampson,mr
1021,23444,Dave,Wainhouse,mr
1022,23925,Brian,Williams,mr
1023,24420,Bobby,Abreu,lf
1024,25015,Clay,Bellinger,cf
1025,25017,Peter,Bergeron,cf
1026,25227,Milton,Bradley,lf
1027,24631,Emil,Brown,rf
1028,25026,Roosevelt,Brown,lf
1029,25232,Brian,Buchanan,rf
1030,25233,Pat,Burrell,lf
1031,25420,Alex,Cabrera,1b
1032,24820,Jolbert,Cabrera,lf
1033,24450,Jay,Canizaro,2b
1034,24452,Raul,Casanova,c
1035,25032,Ramon,Castro,c
1036,25243,Jason,Conti,rf
1037,24829,Alex,Cora,3b
1038,25041,Steve,Cox,rf
1039,25044,Mike,Darr,rf
1040,25250,Kory,DeHaan,rf
1041,24464,Wilson,Delgado,ss
1042,24849,Robert,Fick,1b
1043,25402,Rafael,Furcal,ss
1044,14641,Benji,Gil,2b
1045,24681,Scarborough,Green,cf
1046,24867,Carlos,Guillen,2b
1047,25087,Chad,Hermansen,cf
1048,25278,Aubrey,Huff,1b
1049,24510,Marcus,Jensen,c
1050,16615,David,Justice,lf
1051,25293,Mike,Lamb,3b
1052,25112,Terrence,Long,lf
1053,17715,Javy,Lopez,c
1054,25303,Julio,Lugo,2b
1055,25465,Fernando,Lunar,c
1056,25114,Jose,Macias,2b
1057,25469,Luis,Matos,cf
1058,25119,Gary,Matthews,cf
1059,24910,Jason,Maxwell,2b
1060,18315,Dave,McCarty,1b
1061,24536,Billy,McMillon,lf
1062,24915,Mitch,Meluskey,c
1063,25125,Frank,Menechino,2b
1064,25472,Chad,Moeller,c
1065,25130,Melvin,Mora,3b
1066,19212,Lyle,Mouton,lf
1067,25136,Calvin,Murray,cf
1068,25325,Kevin,Nicholson,ss
1069,25483,Augie,Ojeda,2b
1070,24930,Hector,Ortiz,c
1071,24936,Jay,Payton,lf
1072,20140,Tomas,Perez,1b
1073,20159,Herbert,Perry,dh
1074,25151,Ben,Petrick,cf
1075,25336,Adam,Piatt,lf
1076,25490,Juan,Pierre,lf
1077,24941,A.J.,Pierzynski,c
1078,25156,Mark,Quinn,lf
1079,25344,Chris,Richard,1b
1080,25357,Brian,Schneider,c
1081,25182,Chris,Sexton,ss
1082,24766,Scott,Sheldon,ss
1083,22780,Eddie,Taubensee,c
1084,25371,Andy,Tracy,3b
1085,25372,Chris,Truby,3b
1086,23169,Chris,Turner,c
1087,25374,Jason,Tyner,lf
1088,23297,John,Vander Wal,rf
1089,25207,Chris,Woodward,3b
1090,24377,Gregg,Zaun,c
1091,25003,Armando,Almanza,mr
1092,25008,Tony,Armas,mr
1093,25218,Bronson,Arroyo,sp
1094,25219,Lorenzo,Barcelo,mr
1095,25221,Kevin,Beirne,mr
1096,25222,Rob,Bell,mr
1097,10828,Alan,Benes,mr
1098,25413,Adam,Bernero,mr
1099,25024,Jason,Boyd,mr
1100,11404,Jamie,Brewington,mr
1101,25417,Mark,Buehrle,sp
1102,25425,Randy,Choate,mr
1103,25428,Dave,Coggin,sp
1104,25038,Francisco,Cordero,mr
1105,12620,Reid,Cornelius,sp
1106,25245,Paxton,Crawford,sp
1107,12736,Doug,Creek,mr
1108,24832,Rick,Croushore,mr
1109,25429,Darwin,Cubillan,mr
1110,24462,Jeff,DAmico,sp
1111,25049,Doug,Davis,sp
1112,25054,Sean,DePaula,mr
1113,25255,Scott,Downs,mr
1114,25058,Chad,Durbin,mr
1115,25258,Adam,Eaton,sp
1116,24664,Todd,Erdos,mr
1117,25261,Seth,Etherton,sp
1118,24479,Osvaldo,Fernandez,sp
1119,25440,Tony,Fiore,mr
1120,25441,Scott,Forster,mr
1121,25442,Wayne,Franklin,mr
1122,25266,Aaron,Fultz,mr
1123,25443,Daniel,Garibay,mr
1124,25444,Jon,Garland,sp
1125,25448,Jason,Green,mr
1126,25450,Geraldo,Guzman,sp
1127,25452,Travis,Harper,mr
1128,25086,Matt,Herges,mr
1129,25275,Kevin,Hodges,mr
1130,15954,Mark,Holzemer,mr
1131,16314,Mike,James,mr
1132,16324,Kevin,Jarvis,mr
1133,24886,Jonathan,Johnson,mr
1134,24698,Mike,Johnson,mr
1135,16484,Bobby J.,Jones,sp
1136,25098,Ray,King,mr
1137,25459,Matt,Kinney,mr
1138,25460,Ryan,Kohlmeier,cl
1139,17512,Curtis,Leskanic,mr
1140,24521,Al,Levine,mr
1141,24711,Cory,Lidle,sp
1142,17608,Felipe,Lira,mr
1143,18052,Josias,Manzanillo,mr
1144,25307,Jason,Marquis,sp
1145,24720,Tom,Martin,mr
1146,25311,Tony,McKnight,sp
1147,25127,Wade,Miller,sp
1148,25128,Gabe,Molina,mr
1149,25324,Mark,Mulder,sp
1150,25137,Dan,Murray,mr
1151,25142,Tomo,Ohka,mr
1152,25144,Vicente,Padilla,mr
1153,25484,John,Parrish,mr
1154,25147,Jesus,Pena,mr
1155,25334,Brad,Penny,mr
1156,24741,Matt,Perisho,mr
1157,20483,Ariel,Prieto,sp
1158,25339,Ruben,Quevedo,sp
1159,25158,Steve,Rain,mr
1160,24949,Jason,Rakers,mr
1161,25161,Rob,Ramsay,mr
1162,25493,Britt,Reames,sp
1163,25163,Mark,Redman,sp
1164,25345,John,Riedling,mr
1165,25346,Paul,Rigdon,sp
1166,25171,J.C.,Romero,mr
1167,25173,B.J.,Ryan,mr
1168,25396,Johan,Santana,sp
1169,25355,Kazuhiro,Sasaki,cl
1170,25499,Brian,Sikorski,sp
1171,22005,Joe,Slusarski,mr
1172,25502,Chuck,Smith,sp
1173,25188,Jeff,Sparks,mr
1174,25505,Gene,Stechschulte,mr
1175,25192,Scott,Strickland,mr
1176,25506,Joe,Strong,mr
1177,24770,Everett,Stull,mr
1178,22584,Tanyon,Sturtze,mr
1179,24984,Jeff,Tam,mr
1180,25509,Brian,Tollberg,sp
1181,25397,Derrick,Turnbow,mr
1182,25197,Luis,Vizcaino,mr
1183,23407,Ed,Vosberg,mr
1184,25514,Kevin,Walker,mr
1185,23644,David,Weathers,mr
1186,24990,Eric,Weaver,mr
1187,25379,Ben,Weber,mr
1188,23851,Matt,Whiteside,mr
1189,25516,Kris,Wilson,mr
1190,24608,Paul,Wilson,sp
1191,25386,Matt,Wise,mr
1192,24133,Mark,Wohlers,mr
1193,25390,Kelly,Wunsch,mr
1194,25519,Barry,Zito,sp
1195,24909,Ramon,Martinez,2b
1196,25521,Brent,Abernathy,2b
1197,25011,Rod,Barajas,c
1198,24805,Ronnie,Belliard,2b
1199,25739,Larry,Bigbie,lf
1200,25225,Hiram,Bocachica,rf
1201,24812,Russell,Branyan,1b
1202,24813,Dee,Brown,lf
1203,25234,Brent,Butler,2b
1204,25237,Javier,Cardona,c
1205,25743,Endy,Chavez,lf
1206,25241,Brady,Clark,cf
1207,25035,Mike,Colangelo,lf
1208,25561,Cesar,Crespo,ss
1209,25045,Jeff,DaVanon,cf
1210,24659,David,Dellucci,lf
1211,24839,Mark,DeRosa,lf
1212,13350,Chris,Donnels,3b
1213,25753,Adam,Dunn,dh
1214,25571,David,Eckstein,2b
1215,25577,Johnny,Estrada,c
1216,25439,Pedro,Feliz,3b
1217,14257,Julio,Franco,1b
1218,25588,Jay,Gibbons,lf
1219,25760,Geronimo,Gil,c
1220,25589,Marcus,Giles,2b
1221,14789,Alex S.,Gonzalez,3b
1222,25080,Edwards,Guzman,3b
1223,25451,Toby,Hall,c
1224,24874,Wes,Helms,3b
1225,25610,Shea,Hillenbrand,dh
1226,25613,Brandon,Inge,3b
1227,25614,Cesar,Izturis,ss
1228,24509,Robin,Jennings,rf
1229,25093,DAngelo,Jimenez,ss
1230,24888,Mark L.,Johnson,c
1231,25618,Bobby,Kielty,rf
1232,24890,Mike,Kinkade,lf
1233,17014,Randy,Knorr,c
1234,24899,Mark,Little,cf
1235,24900,Paul,Lo Duca,c
1236,25778,Felipe,Lopez,3b
1237,17717,Luis M.,Lopez,ss
1238,25781,Rob,Mackowiak,lf
1239,25721,Donaldo,Mendez,ss
1240,25329,Jose,Ortiz,2b
1241,25485,Corey,Patterson,lf
1242,25145,Josh,Paul,c
1243,25335,Santiago,Perez,cf
1244,25487,Timo,Perez,lf
1245,25153,Bo,Porter,lf
1246,25720,Albert,Pujols,1b
1247,25342,Tike,Redman,cf
1248,25495,Luis,Rivas,ss
1249,25807,Brian,Roberts,2b
1250,24958,Kerry,Robinson,lf
1251,25351,Jimmy,Rollins,ss
1252,25497,Damian,Rolls,3b
1253,25675,Aaron,Rowand,cf
1254,25809,Jared,Sandberg,3b
1255,21353,Deion,Sanders,lf
1256,24586,Bill,Selby,2b
1257,25687,Tsuyoshi,Shinjo,cf
1258,21896,Ruben,Sierra,dh
1259,25186,Alfonso,Soriano,lf
1260,25692,Junior,Spivey,2b
1261,25695,Ichiro,Suzuki,rf
1262,25818,Juan,Uribe,3b
1263,25714,Brad,Wilkerson,rf
1264,25715,Jack,Wilson,ss
1265,25204,Vance,Wilson,c
1266,25389,Shawn,Wooten,c
1267,25517,Michael,Young,dh
1268,25394,Julio,Zuleta,1b
1269,25725,Jose,Acevedo,mr
1270,25529,Jeff,Austin,sp
1271,25531,Danys,Baez,mr
1272,10429,Cory,Bailey,mr
1273,25010,John,Bale,mr
1274,25733,Rick,Bauer,mr
1275,25723,Joe,Beimel,mr
1276,25414,Rocky,Biddle,cl
1277,25738,Nick,Bierbrodt,mr
1278,25231,Troy,Brohawn,mr
1279,11989,Giovanni,Carrara,mr
1280,25548,Shawn,Chacon,sp
1281,25722,Tony,Cogan,mr
1282,25558,Jesus,Colome,mr
1283,25747,Nate,Cornejo,sp
1284,25247,Jack,Cressend,mr
1285,25749,Juan,Cruz,mr
1286,25431,Kane,Davis,mr
1287,25750,Lance,Davis,sp
1288,25433,Matt,DeWitt,mr
1289,25751,Ryan,Drese,sp
1290,25434,Tim,Drew,mr
1291,25569,Brandon,Duckworth,sp
1292,25570,Courtney,Duncan,mr
1293,13681,Joey,Eischen,mr
1294,24474,Robert,Ellis,sp
1295,25264,Nelson,Figueroa,sp
1296,25755,Jeremy,Fikac,mr
1297,25580,Bob,File,mr
1298,25756,Casey,Fossum,mr
1299,14215,Kevin,Foster,mr
1300,25065,Ryan,Franklin,mr
1301,25759,Gus,Gandarillas,mr
1302,25068,Freddy,Garcia,sp
1303,25587,Chris,George,sp
1304,25446,Matt,Ginter,mr
1305,25072,Gary,Glover,mr
1306,25592,Dicky,Gonzalez,mr
1307,25449,Jason,Grilli,mr
1308,25082,Luther,Hackman,mr
1309,24688,Shigetoshi,Hasegawa,mr
1310,25608,Junior,Herndon,sp
1311,25090,Erik,Hiljus,sp
1312,25766,Jason,Jennings,mr
1313,25767,Ryan,Jensen,mr
1314,25768,Brett,Jodie,mr
1315,25769,Adam,Johnson,sp
1316,25770,Jorge,Julio,mr
1317,25457,Randy,Keisler,mr
1318,25771,Joe,Kennedy,mr
1319,25772,Sun-Woo,Kim,mr
1320,25622,Brian,Lawrence,sp
1321,25298,Allen,Levrault,mr
1322,25108,Ted,Lilly,sp
1323,25777,Kyle,Lohse,sp
1324,25629,Mark,Lukasiewicz,mr
1325,25113,David,Lundquist,mr
1326,25779,Brandon,Lyon,mr
1327,25782,Scott,MacRae,mr
1328,24528,Calvin,Maduro,sp
1329,25115,Damaso,Marte,mr
1330,25783,Troy,Mattes,sp
1331,25470,Mike,Matthews,mr
1332,18658,Rusty,Meacham,mr
1333,25316,Hector,Mercado,mr
1334,24918,Chris,Michalak,sp
1335,25789,Juan,Moreno,mr
1336,19269,Bobby,Munoz,mr
1337,25138,Aaron,Myette,sp
1338,19498,Chris,Nichting,mr
1339,25724,Jose,Antonio Nunez,mr
1340,25650,Eddie,Oropesa,mr
1341,25654,Roy,Oswalt,sp
1342,25794,Chad,Paronto,mr
1343,24938,Odalis,Perez,sp
1344,25662,Adam,Pettyjohn,sp
1345,25796,Travis,Phelps,mr
1346,25798,Luis,Pineda,mr
1347,25491,Joel,Pineiro,sp
1348,25665,Bret,Prinz,mr
1349,25492,Luke,Prokopec,sp
1350,25802,Tim,Redding,sp
1351,25803,Brian,Reith,mr
1352,25669,Chris,Reitsma,mr
1353,25494,Jerrod,Riggan,mr
1354,20913,Jose,Rijo,mr
1355,25166,David,Riske,mr
1356,25348,Grant,Roberts,mr
1357,25168,Willis,Roberts,mr
1358,25676,C.C.,Sabathia,sp
1359,25176,Erik,Sabel,mr
1360,25354,Victor,Santos,mr
1361,25360,Wascar,Serrano,mr
1362,25686,Ben,Sheets,sp
1363,25688,Bud,Smith,sp
1364,25689,Roy,Smith,mr
1365,25694,Scott,Stewart,mr
1366,25701,Josh,Towers,sp
1367,25513,Ryan,Vogelsong,sp
1368,25380,Jake,Westbrook,sp
1369,25825,Dave,Williams,sp
1370,24004,Todd,Williams,mr
1371,25822,Dan,Wright,sp
1372,25823,Victor,Zambrano,sp
1373,25518,Chad,Zerbe,mr
1374,26046,Josh,Bard,c
1375,24620,Mark,Bellhorn,2b
1376,25735,Brandon,Berger,rf
1377,25736,Angel,Berroa,ss
1378,25838,Hank,Blalock,1b
1379,25540,Ben,Broussard,1b
1380,25544,Sean,Burroughs,3b
1381,25419,Eric,Byrnes,lf
1382,25546,Jamey,Carroll,2b
1383,26036,Matt,Cepicky,lf
1384,25553,Alex,Cintron,ss
1385,25851,Carl,Crawford,lf
1386,25246,Joe,Crede,3b
1387,26043,Coco,Crisp,cf
1388,25562,Michael,Cuddyer,rf
1389,25564,Jack,Cust,dh
1390,25862,Mark,Ellis,2b
1391,25437,Morgan,Ensberg,3b
1392,25984,Felix,Escalona,2b
1393,25262,Adam,Everett,ss
1394,25445,Keith,Ginter,2b
1395,25270,Raul,Gonzalez,lf
1396,25598,Aaron,Guiel,cf
1397,25762,Willie,Harris,lf
1398,25882,Bobby,Hill,3b
1399,25611,Eric,Hinske,1b
1400,25277,Ken,Huckaby,c
1401,25889,Orlando,Hudson,2b
1402,25281,Adam,Hyzdu,cf
1403,25891,Omar,Infante,2b
1404,25286,Nick,Johnson,dh
1405,25897,Austin,Kearns,lf
1406,25903,Jason,Lane,cf
1407,25623,Joe,Lawrence,2b
1408,25296,Matthew,LeCroy,dh
1409,25625,Jose,Leon,1b
1410,24902,George,Lombard,cf
1411,25909,Ryan,Ludwick,lf
1412,25631,Chris,Magruder,rf
1413,26011,Julius,Matos,2b
1414,25121,John,McDonald,ss
1415,25914,Kevin,Mench,lf
1416,25639,Jason,Michaels,lf
1417,25641,Corky,Miller,c
1418,25320,Damon,Minor,1b
1419,25787,Dustan,Mohr,rf
1420,24923,Bengie,Molina,c
1421,25129,Jose,Molina,c
1422,26030,Wil,Nieves,c
1423,25659,Carlos,Pena,1b
1424,25489,Josh,Phelps,1b
1425,25805,Juan,Rivera,1b
1426,25806,Michael,Rivera,c
1427,25167,Dave,Roberts,lf
1428,25673,Jason,Romano,cf
1429,25940,Jim,Rushford,rf
1430,25678,Alex,Sanchez,cf
1431,26007,Ramon,Santiago,2b
1432,22763,Tony,Tarasco,lf
1433,25368,Reggie,Taylor,cf
1434,22954,Ryan,Thompson,lf
1435,25700,Yorvit,Torrealba,c
1436,25962,Andres,Torres,cf
1437,25704,Ramon,Vazquez,ss
1438,25713,Ty,Wigginton,1b
1439,25821,Tom,Wilson,c
1440,25403,Dewayne,Wise,cf
1441,25826,Jeremy,Affeldt,mr
1442,25523,Kurt,Ainsworth,sp
1443,25005,Juan,Alvarez,mr
1444,25983,Miguel,Asencio,sp
1445,25729,Mike,Bacsik,sp
1446,25734,Josh,Beckett,sp
1447,25535,Joaquin,Benoit,mr
1448,11210,Joe,Borowski,cl
1449,25740,Brian,Bowles,mr
1450,26024,Ryan,Bukvich,mr
1451,26038,Mike,Bynum,mr
1452,25028,Mickey,Callaway,mr
1453,25031,Lance,Carter,mr
1454,25845,Scott,Cassidy,mr
1455,25847,Jaime,Cerda,mr
1456,26048,Clay,Condrey,mr
1457,26042,Aaron,Cook,sp
1458,25746,Mark,Corey,mr
1459,25991,Mike,Crudale,mr
1460,25565,Zach,Day,mr
1461,25860,Brendan,Donnelly,mr
1462,25568,Sean,Douglass,sp
1463,25256,Travis,Driskill,mr
1464,25257,Jayson,Durocher,mr
1465,25572,Dave,Elder,mr
1466,25864,Jeff,Farnsworth,mr
1467,25263,Jared,Fernandez,sp
1468,25997,Randy,Flores,mr
1469,25582,Josh,Fogg,mr
1470,25758,Brian,Fuentes,mr
1471,25874,Kevin,Gryboski,mr
1472,15245,Chris,Hammond,mr
1473,26009,Aaron,Harang,sp
1474,26041,Mark,Hendrickson,mr
1475,24691,Oscar,Henriquez,mr
1476,25764,Carlos,Hernandez,sp
1477,26027,Runelvys,Hernandez,sp
1478,25892,Kazuhisa,Ishii,sp
1479,25995,Hansel,Izquierdo,mr
1480,25990,Delvin,James,sp
1481,25986,Steve,Kent,mr
1482,26031,Jason,Kershner,mr
1483,25774,Gary,Knotts,sp
1484,25901,Satoru,Komiyama,mr
1485,25775,Mike,Koplove,mr
1486,25621,John,Lackey,sp
1487,25906,Colby,Lewis,sp
1488,25299,Scott,Linebrink,mr
1489,25464,Rodrigo,Lopez,sp
1490,25467,Oswaldo,Mairena,mr
1491,25306,Jim,Mann,mr
1492,25632,Mike,Maroth,sp
1493,26003,Julio,Mateo,mr
1494,18249,Darrell,May,mr
1495,25785,Jason,Middlebrook,mr
1496,25642,Justin,Miller,mr
1497,25646,Damian,Moss,sp
1498,25475,Scott,Mullen,mr
1499,25917,Brett,Myers,cl
1500,25790,Blaine,Neal,mr
1501,25792,Nick,Neugebauer,sp
1502,25479,Doug,Nickle,mr
1503,25793,Kevin,Olsen,mr
1504,26022,John,Patterson,sp
1505,25926,Jake,Peavy,sp
1506,26014,Oliver,Perez,mr
1507,25152,Jason C.,Phillips,sp
1508,26006,Kevin,Pickford,mr
1509,25154,Mike,Porzio,mr
1510,25999,Mark,Prior,sp
1511,25932,Brandon,Puffer,mr
1512,25668,Jon,Rauch,mr
1513,25804,Juan,Rincon,mr
1514,20962,Joe,Roa,mr
1515,26001,Fernando,Rodney,cl
1516,26044,Ricardo,Rodriguez,sp
1517,26015,Kirk,Saarloos,mr
1518,26035,Carl,Sadler,mr
1519,26018,Shawn,Sedlacek,sp
1520,25361,Scot,Shields,mr
1521,25946,Carlos,Silva,sp
1522,26002,Jason,Simontacchi,sp
1523,25949,Mike,Smith,mr
1524,24974,Travis,Smith,mr
1525,26040,Steve,Smyth,sp
1526,25952,Rafael,Soriano,cl
1527,25988,Jorge,Sosa,mr
1528,25813,Tim,Spooneybarger,mr
1529,25190,Denny,Stark,sp
1530,25953,John,Stephens,sp
1531,25815,Ricky,Stone,mr
1532,25956,Dennis,Tankersley,sp
1533,25193,Michael,Tejera,mr
1534,25959,Corey,Thurman,mr
1535,23076,Salomon,Torres,cl
1536,25510,T.J.,Tucker,mr
1537,26059,Andy,Van Hekken,sp
1538,25512,Brandon,Villafuerte,mr
1539,25820,Brad,Voyles,mr
1540,24784,Jamie,Walker,mr
1541,23487,Pete,Walker,mr
1542,25719,Carlos,Zambrano,sp
1543,25727,Erick,Almonte,ss
1544,25004,Hector,Almonte,mr
1545,25830,Alfredo,Amezaga,2b
1546,26087,Jason,Anderson,mr
1547,26348,Luis,Ayala,mr
1548,26028,Brandon,Backe,sp
1549,26094,Rocco,Baldelli,rf
1550,25731,Grant,Balfour,cl
1551,26098,Jason,Bay,lf
1552,26372,Rafael,Betancourt,cl
1553,25020,Casey,Blake,3b
1554,26352,Nate,Bland,mr
1555,25839,Willie,Bloomquist,ss
1556,26342,Jeremy,Bonderman,sp
1557,25996,Jung,Bong,mr
1558,26053,Dewon,Brazelton,mr
1559,26114,Nate,Bump,mr
1560,25843,Marlon,Byrd,cf
1561,26367,Miguel,Cabrera,3b
1562,26117,Kiko,Calero,mr
1563,25844,Ron,Calloway,rf
1564,26119,Chris,Capuano,sp
1565,26120,D.J.,Carrasco,mr
1566,26061,Kevin,Cash,c
1567,25551,Hee Seop,Choi,1b
1568,26026,Howie,Clark,1b
1569,26132,Steve,Colyer,mr
1570,26133,Jose,Contreras,mr
1571,26374,Kevin,Correia,sp
1572,26343,Enrique,Cruz,ss
1573,26072,Jason,Davis,mr
1574,24837,Valerio,de los Santos,mr
1575,25566,R.A.,Dickey,sp
1576,26077,Eric,DuBose,mr
1577,26357,Jeff,Duncan,cf
1578,26070,Eric,Eckenstahler,mr
1579,25574,Alex,Escobar,cf
1580,25438,Leo,Estrella,mr
1581,26057,Pedro,Feliciano,mr
1582,25865,Nate,Field,mr
1583,26045,Chone,Figgins,lf
1584,26153,Jesse,Foppert,sp
1585,26154,Lew,Ford,lf
1586,26347,Matt,Ford,mr
1587,25866,John,Foster,mr
1588,25583,Ryan,Freel,rf
1589,26369,Mike,Gallo,mr
1590,26029,Reynaldo,Garcia,mr
1591,26350,Rosman,Garcia,mr
1592,26384,Chad,Gaudin,mr
1593,26071,Franklyn,German,mr
1594,26162,Jody,Gerut,cf
1595,26355,Jason,Gilfillan,mr
1596,26165,Jimmy,Gobble,mr
1597,26169,Andrew,Good,mr
1598,26173,Jeremy,Griffiths,sp
1599,25878,Travis,Hafner,dh
1600,26049,Bill,Hall,2b
1601,26178,Robby,Hammock,c
1602,26181,Rich,Harden,sp
1603,26371,Dan,Haren,sp
1604,26366,Bo,Hart,2b
1605,25763,Ken,Harvey,1b
1606,25083,Chad,Harville,mr
1607,26185,Aaron,Heilman,mr
1608,26058,Trey,Hodges,mr
1609,25886,Ben,Howard,mr
1610,25890,Tim,Hummel,3b
1611,25895,Reed,Johnson,cf
1612,26382,Greg,Jones,mr
1613,26205,Jason,Jones,lf
1614,26211,Matt,Kata,3b
1615,24516,Brooks,Kieschnick,mr
1616,26215,Pete,LaForest,c
1617,26216,Gerald,Laird,c
1618,17227,Tim,Laker,c
1619,25294,Brandon,Larson,3b
1620,26345,Wilfredo,Ledezma,mr
1621,26074,Cliff,Lee,sp
1622,25907,Brad,Lidge,mr
1623,25908,Aquilino,Lopez,mr
1624,26224,Javier,Lopez,mr
1625,25627,Shane,Loux,mr
1626,25780,Mike,MacDougal,mr
1627,26375,Mark,Malaska,mr
1628,26231,Julio,Manon,mr
1629,26054,Victor,Martinez,dh
1630,25633,Henry,Mateo,2b
1631,26236,Hideki,Matsui,dh
1632,26237,Seth,McClung,mr
1633,26242,Chris,Mears,mr
1634,25314,Adam,Melhuse,c
1635,25788,Craig,Monroe,lf
1636,26344,Jose,Morban,ss
1637,26249,Justin,Morneau,1b
1638,26363,Tony,Mounce,sp
1639,25476,Eric,Munson,c
1640,25477,Xavier,Nady,lf
1641,26047,Shane,Nance,mr
1642,26253,Mike,Neu,mr
1643,26381,Ramon,Nivar,cf
1644,26373,Laynce,Nix,1b
1645,25328,Phil,Norton,mr
1646,26080,Wes,Obermueller,mr
1647,26356,Miguel,Ojeda,c
1648,25921,Miguel,Olivo,c
1649,26257,Ray,Olmedo,2b
1650,25656,Lyle,Overbay,1b
1651,26052,Wily Mo,Pena,dh
1652,26263,Jhonny,Peralta,ss
1653,26264,Antonio,Perez,3b
1654,26346,Tommy,Phelps,mr
1655,25929,Brandon,Phillips,2b
1656,25824,Jason,Phillips,c
1657,25799,Scott,Podsednik,lf
1658,25666,Nick,Punto,3b
1659,26270,Robb,Quinlan,1b
1660,26272,Erasmo,Ramirez,mr
1661,26273,Horacio,Ramirez,mr
1662,25340,Scott,Randall,mr
1663,26275,Stephen,Randolph,mr
1664,26281,Jose,Reyes,ss
1665,26282,Rene,Reyes,rf
1666,26285,Carlos,Rivera,1b
1667,25349,Jeriome,Robertson,sp
1668,26068,Nate,Robertson,sp
1669,26076,Francisco,Rodriguez,mr
1670,26289,Matt,Roney,mr
1671,26021,David,Ross,c
1672,26295,David,Sanders,mr
1673,25810,Angel,Santos,2b
1674,25681,Marco,Scutaro,2b
1675,25683,Todd,Sears,1b
1676,25943,Jae,Seo,sp
1677,26067,Jason,Shiell,mr
1678,21870,Brian,Shouse,mr
1679,26304,Kyle,Snyder,mr
1680,26306,Chris,Spurling,mr
1681,25814,Jason,Standridge,mr
1682,26308,Jason,Stanford,mr
1683,25395,Dernell,Stenson,lf
1684,26309,Josh,Stewart,sp
1685,26315,Mark,Teixeira,1b
1686,25958,Marcus,Thames,dh
1687,25963,Billy,Traber,mr
1688,26379,Chin-hui,Tsao,mr
1689,26322,Chase,Utley,2b
1690,25969,Jose,Valverde,cl
1691,26079,Cory,Vance,mr
1692,25970,Claudio,Vargas,mr
1693,26325,Shane,Victorino,cf
1694,25972,Oscar,Villarreal,mr
1695,23391,Joe,Vitiello,lf
1696,26389,Doug,Waechter,mr
1697,26376,Ryan,Wagner,mr
1698,26327,Brandon,Webb,sp
1699,26330,Todd,Wellemeyer,sp
1700,25978,Jerome,Williams,mr
1701,26353,Dontrelle,Willis,sp
1702,24997,Kevin,Witt,dh
1703,20953,Luis,Rivera,ss
1704,26083,Mike,Adams,mr
1705,26453,Russ,Adams,ss
1706,26084,Jon,Adkins,mr
1707,26458,Greg,Aquino,mr
1708,26679,Scott,Atchison,mr
1709,26460,Cha Seung,Baek,sp
1710,26095,Clint,Barmes,ss
1711,26096,Cliff,Bartosh,mr
1712,26463,Denny,Bautista,mr
1713,26612,Jose,Bautista,rf
1714,25993,Erik,Bedard,sp
1715,26102,Heath,Bell,cl
1716,26020,Francis,Beltran,mr
1717,26465,Jeff,Bennett,mr
1718,26613,Chad,Bentz,mr
1719,26467,Travis,Blackley,sp
1720,25840,Joe,Borchard,rf
1721,11207,Toby,Borland,mr
1722,26681,Yhency,Brazoban,cl
1723,26000,Juan,Brito,c
1724,26112,Brian,Bruney,mr
1725,26113,John,Buck,c
1726,24817,Kirk,Bullinger,mr
1727,25742,Jamie,Burke,c
1728,26477,Sean,Burnett,mr
1729,26478,Dave,Bush,mr
1730,26655,Daniel,Cabrera,sp
1731,26614,Shawn,Camp,mr
1732,26672,Jorge,Cantu,1b
1733,26481,Jose,Castillo,3b
1734,24454,Raul,Chavez,c
1735,26127,Vinnie,Chulk,mr
1736,25850,Brandon,Claussen,sp
1737,26130,J.D.,Closser,c
1738,26690,Roman,Colon,mr
1739,26390,Chad,Cordero,cl
1740,26665,Lance,Cormier,mr
1741,25748,Humberto,Cota,c
1742,26387,Neal,Cotts,mr
1743,26483,Jesse,Crain,mr
1744,26135,Bobby,Crosby,ss
1745,26615,Casey,Daigle,sp
1746,26138,David,DeJesus,rf
1747,25856,Doug,DeVore,lf
1748,26141,Felix,Diaz,mr
1749,26489,Lenny,DiNardo,sp
1750,25254,Craig,Dingman,mr
1751,26490,Scott,Dohmann,mr
1752,25752,Justin,Duchscherer,sp
1753,25992,John,Ennis,mr
1754,26701,Gavin,Floyd,sp
1755,24852,Ben,Ford,mr
1756,26669,Bartolome,Fortunato,mr
1757,26683,Jeff,Francis,sp
1758,26155,Frank,Francisco,cl
1759,26502,Jason,Frasor,mr
1760,25867,Kevin,Frederick,mr
1761,26156,Choo,Freeman,cf
1762,26394,Danny,Garcia,2b
1763,25069,Jesse,Garcia,ss
1764,26161,Geoff,Geary,mr
1765,26694,Jerry,Gil,ss
1766,25447,Ross,Gload,1b
1767,26360,Edgar,Gonzalez,sp
1768,26508,Luis A.,Gonzalez,2b
1769,26168,Michael,Gonzalez,mr
1770,26170,Mike,Gosling,mr
1771,26684,Ruben,Gotay,3b
1772,25595,John,Grabow,mr
1773,25596,Jason,Grabowski,lf
1774,26661,Andy,Green,3b
1775,26172,Nick,Green,ss
1776,26396,Khalil,Greene,ss
1777,25272,Kevin,Gregg,mr
1778,26510,Zack,Greinke,sp
1779,25873,Gabe,Gross,rf
1780,26514,Freddy,Guzman,cf
1781,26516,Scott,Hairston,lf
1782,26663,Brad,Halsey,sp
1783,26060,Josh,Hancock,sp
1784,15327,Tim,Harikkala,mr
1785,26519,Brad,Hawpe,1b
1786,26186,Ben,Hendrickson,sp
1787,26685,Brad,Hennessey,mr
1788,26188,Matt,Hensley,mr
1789,26714,Joe,Hietpas,c
1790,26197,Matt,Holliday,lf
1791,26662,Joe,Horgan,mr
1792,25888,Luke,Hudson,sp
1793,26523,Justin,Huisman,mr
1794,26695,Maicer,Izturis,3b
1795,26525,Bucky,Jacobsen,1b
1796,26616,Mike,Johnston,mr
1797,26682,Scott,Kazmir,sp
1798,26692,Jeff,Keppinger,3b
1799,26654,Casey,Kotchman,1b
1800,26218,Adam,LaRoche,1b
1801,26664,Justin,Lehr,sp
1802,26220,Jon,Leicester,sp
1803,26539,Justin,Leone,3b
1804,26540,Pedro,Liriano,mr
1805,26674,Nook,Logan,cf
1806,26541,Jose,Lopez,3b
1807,26393,Noah,Lowry,sp
1808,26542,Hector,Luna,2b
1809,26544,Bobby,Madritsch,sp
1810,26228,Ryan,Madson,cl
1811,26229,Gary,Majewski,mr
1812,26403,Kazuo,Matsui,2b
1813,26404,Joe,Mauer,c
1814,25310,Cody,McKay,c
1815,26244,Aaron,Miles,2b
1816,25319,Matt,Miller,mr
1817,26378,Sergio,Mitre,mr
1818,26555,Yadier,Molina,c
1819,25131,Orber,Moreno,mr
1820,26558,Clint,Nageotte,mr
1821,25918,Mike,Nakamura,mr
1822,25140,David,Newhan,2b
1823,26677,Roberto,Novoa,mr
1824,25649,Abraham,Nunez,rf
1825,26258,Tim,Olson,3b
1826,26565,Akinori,Otsuka,mr
1827,26259,Juan,Padilla,mr
1828,25927,Kit,Pellow,rf
1829,24939,Calvin,Pickering,dh
1830,26572,Jorge,Piedra,rf
1831,26575,Scott,Proctor,mr
1832,25933,J.J.,Putz,cl
1833,26269,Chad,Qualls,mr
1834,26341,Humberto,Quintero,c
1835,26271,Guillermo,Quiroz,c
1836,25800,Tim,Raines,cf
1837,26657,Elizardo,Ramirez,mr
1838,25801,Cody,Ransom,ss
1839,25165,Matt,Riley,sp
1840,26582,Alex,Rios,rf
1841,26583,Eddy,Rodriguez,mr
1842,25941,Michael,Ryan,lf
1843,26016,Duaner,Sanchez,mr
1844,25684,Bobby,Seay,mr
1845,26588,Jimmy,Serrano,sp
1846,26671,George,Sherrill,mr
1847,25947,Allan,Simpson,mr
1848,26591,Grady,Sizemore,cf
1849,25948,Terrmel,Sledge,lf
1850,25811,Jason,Smith,ss
1851,25950,Esix,Snead,lf
1852,26689,Chris,Snyder,c
1853,26597,Kazuhito,Tadano,mr
1854,25955,So,Taguchi,lf
1855,26598,Shingo,Takatsu,mr
1856,26316,Luis,Terrero,cf
1857,26666,Charles,Thomas,lf
1858,26317,Matt,Thornton,mr
1859,26319,Chad,Tracy,1b
1860,26658,Matt,Treanor,c
1861,23115,Chris,Tremie,c
1862,26601,B.J.,Upton,cf
1863,25702,Eric,Valent,lf
1864,26324,Joe,Valentine,mr
1865,26603,John,Van Benschoten,sp
1866,25707,Tyler,Walker,mr
1867,25976,Justin,Wayne,mr
1868,25711,Jayson,Werth,rf
1869,26336,Mike,Wood,mr
1870,26673,David,Wright,3b
1871,25980,Michael,Wuertz,mr
1872,26338,Tyler,Yates,mr
1873,26339,Kevin,Youkilis,3b
1874,26608,Chris,Young,sp
1875,26854,Jeremy,Accardo,mr
1876,26668,Chris,Aguila,rf
1877,26455,Chip,Ambres,lf
1878,25217,Danny,Ardoin,c
1879,26852,Ezequiel,Astacio,sp
1880,26090,Garrett,Atkins,1b
1881,26723,Willy,Aybar,dh
1882,26725,Scott,Baker,sp
1883,26462,Jason,Bartlett,ss
1884,26101,Matt,Belisle,mr
1885,26891,Yuniesky,Betancourt,2b
1886,25737,Wilson,Betemit,3b
1887,26649,Andres,Blanco,ss
1888,26468,Joe,Blanton,sp
1889,26879,Blaine,Boyer,mr
1890,26902,Craig,Breslow,mr
1891,26368,Eric,Bruntlett,ss
1892,26847,Ambiorix,Burgos,mr
1893,26115,Chris,Burke,ss
1894,26739,Mike,Burns,sp
1895,24819,Tim,Byrdak,mr
1896,26116,Fernando,Cabrera,mr
1897,26740,Matt,Cain,sp
1898,26480,Robinson,Cano,2b
1899,26702,Jose,Capellan,mr
1900,26742,Marcos,Carvajal,mr
1901,26122,Bernie,Castro,2b
1902,26846,Ronny,Cedeno,ss
1903,26718,Gustavo,Chacin,mr
1904,26128,Ryan,Church,rf
1905,26746,Todd,Coffey,mr
1906,25039,David,Cortes,mr
1907,26868,Shane,Costa,lf
1908,25853,Bubba,Crosby,cf
1909,26748,Kyle,Davies,sp
1910,26139,Jorge,De La Rosa,sp
1911,26377,Matt,Diaz,lf
1912,26142,Victor,Diaz,rf
1913,26144,Greg,Dobbs,3b
1914,26386,Juan,Dominguez,mr
1915,26871,Ryan,Doumit,c
1916,26492,Jason,Dubois,lf
1917,26493,Chris,Duffy,cf
1918,26752,Zach,Duke,mr
1919,26402,Mike,Edwards,3b
1920,26753,Brad,Eldred,1b
1921,26146,Jason,Ellison,rf
1922,26495,Edwin,Encarnacion,dh
1923,26897,Dana,Eveland,mr
1924,26757,Jeff,Francoeur,rf
1925,26159,Eddy,Garabito,2b
1926,26504,Joey,Gathright,cf
1927,26401,Jonny,Gomes,dh
1928,26167,Adrian,Gonzalez,1b
1929,26712,Curtis,Granderson,cf
1930,25875,Matt,Guerrier,mr
1931,26180,J.J.,Hardy,ss
1932,26907,Jeff,Harris,sp
1933,26899,Clay,Hensley,mr
1934,26766,Felix,Hernandez,sp
1935,26767,Aaron,Hill,2b
1936,26193,Koyie,Hill,c
1937,24879,Damon,Hollins,cf
1938,26521,D.J.,Houlton,mr
1939,26699,Ryan,Howard,1b
1940,26877,J.P.,Howell,mr
1941,26522,Justin,Huber,1b
1942,26836,Tadahito,Iguchi,2b
1943,26770,Conor,Jackson,1b
1944,26398,Edwin,Jackson,sp
1945,26526,Mike,Jacobs,dh
1946,26202,Bobby,Jenks,mr
1947,26940,Charlton,Jimerson,cf
1948,26203,Ben,Johnson,rf
1949,26527,Dan,Johnson,1b
1950,26528,Kelly,Johnson,2b
1951,26835,Dae-Sung,Koo,mr
1952,25998,Ryan,Langerhans,lf
1953,26719,Brandon,League,mr
1954,26221,Todd,Linden,lf
1955,26720,Kameron,Loe,mr
1956,26917,Paul,Maholm,sp
1957,25466,Mike,Mahoney,c
1958,26675,John,Maine,sp
1959,26875,Brian,McCann,c
1960,26783,Brandon,McCarthy,sp
1961,26548,Dustin,McGowan,sp
1962,26785,Nate,McLouth,lf
1963,26550,Dallas,McPherson,3b
1964,26552,Brandon,Medders,mr
1965,26884,Randy,Messenger,mr
1966,26869,Mike,Morse,lf
1967,26853,Scott,Munter,mr
1968,26716,Donnie,Murphy,3b
1969,26894,Matt,Murton,rf
1970,26561,Dioner,Navarro,c
1971,26254,Lance,Niekro,1b
1972,26861,Leo,Nunez,cl
1973,25482,Will,Ohman,mr
1974,26840,Pete,Orr,2b
1975,26790,Chad,Orvella,mr
1976,26791,Franquelis,Osoria,mr
1977,25330,Pablo,Ozuna,2b
1978,26905,Jonathan,Papelbon,cl
1979,26793,Hayden,Penn,sp
1980,26569,Joel,Peralta,mr
1981,26797,Omar,Quintanilla,2b
1982,26881,Chris,Ray,mr
1983,26579,Jeremy,Reed,lf
1984,26279,Nick,Regilio,mr
1985,26843,Jason,Repko,rf
1986,26888,Chris,Resop,mr
1987,25936,Michael,Restovich,rf
1988,26715,Rene,Rivera,c
1989,26860,Oscar,Robles,ss
1990,26900,John,Rodriguez,lf
1991,26864,Luis,Rodriguez,ss
1992,26865,Wandy,Rodriguez,sp
1993,25942,Freddy,Sanchez,2b
1994,26587,Ervin,Santana,sp
1995,26845,Steve,Schmoll,mr
1996,26842,Luke,Scott,dh
1997,25682,Scott,Seabol,3b
1998,26887,Brian,Shackelford,mr
1999,26809,Ryan,Shealy,1b
2000,26589,Chris,Shelton,1b
2001,26810,Andrew,Sisco,mr
2002,26691,Ian,Snell,sp
2003,26812,Ryan,Speier,mr
2004,26850,Tim,Stauffer,sp
2005,26818,Huston,Street,cl
2006,26594,Cory,Sullivan,lf
2007,26595,Nick,Swisher,rf
2008,26878,Jack,Taschner,mr
2009,26700,Willy,Taveras,cf
2010,26819,Mark,Teahen,3b
2011,26857,Robinson,Tejeda,mr
2012,26856,Brad,Thompson,mr
2013,26698,Terry,Tiffee,3b
2014,26323,Wilson,Valdez,ss
2015,26896,Jason,Vargas,sp
2016,26826,Chien-Ming,Wang,sp
2017,26391,Rickie,Weeks,2b
2018,26710,Randy,Williams,mr
2019,26334,C.J.,Wilson,sp
2020,26844,Jake,Woods,mr
2021,26838,Keiichi,Yabu,mr
2022,26611,David,Aardsma,cl
2023,26451,Reggie,Abercrombie,cf
2024,27069,Eliezer,Alfonzo,c
2025,26721,Brian,Anderson,cf
2026,27081,Brian,Bannister,sp
2027,26727,Josh,Barfield,2b
2028,26728,Kevin,Barry,mr
2029,27091,T.J.,Beam,mr
2030,26918,Jason,Bergmann,mr
2031,26731,Chad,Billingsley,sp
2032,27427,Kurt,Birkins,mr
2033,26104,Boof,Bonser,mr
2034,26388,Rob,Bowen,c
2035,27432,Bill,Bray,mr
2036,27104,Chris,Britton,mr
2037,26904,Jonathan,Broxton,cl
2038,26474,Taylor,Buchholz,mr
2039,26479,Freddie,Bynum,ss
2040,26892,Melky,Cabrera,lf
2041,26944,Matt,Capps,cl
2042,26741,Fausto,Carmona,sp
2043,27118,Fabio,Castro,mr
2044,26745,Shin-Soo,Choo,rf
2045,26880,Tim,Corcoran,mr
2046,24830,Bryan,Corey,mr
2047,27129,Manuel,Corpas,mr
2048,25559,Chris,Coste,c
2049,26747,Nelson,Cruz,rf
2050,26903,Manny,Delcarmen,mr
2051,26933,Chris,Denorfia,rf
2052,27147,Stephen,Drew,ss
2053,26930,Chris,Duncan,lf
2054,27155,Andre,Ethier,rf
2055,26149,Willie,Eyre,mr
2056,27156,Brandon,Fahey,ss
2057,26913,Scott,Feldman,sp
2058,26756,Prince,Fielder,1b
2059,26499,Ron,Flores,mr
2060,27163,Kevin,Frandsen,3b
2061,27165,Emiliano,Fruto,mr
2062,27444,Kason,Gabbard,sp
2063,26760,Ryan,Garko,1b
2064,27448,Matt,Garza,sp
2065,25869,Esteban,German,lf
2066,26017,Alexis,Gomez,rf
2067,27172,Enrique,Gonzalez,mr
2068,26943,Tom,Gorzelanny,mr
2069,27176,Sean,Green,mr
2070,26512,Franklin,Gutierrez,cf
2071,26513,Angel,Guzman,mr
2072,27180,Tony,Gwynn,cf
2073,27185,Cole,Hamels,sp
2074,27187,Jason,Hammel,sp
2075,26906,Tim,Hamulack,mr
2076,26947,Craig,Hansen,mr
2077,26183,Corey,Hart,1b
2078,26909,Jeremy,Hermida,lf
2079,26882,Rich,Hill,mr
2080,26660,Shawn,Hill,sp
2081,27197,Jason,Hirsh,sp
2082,27456,Jon,Huber,mr
2083,27201,Chris,Iannetta,c
2084,27202,Joe,Inglett,rf
2085,27206,Zach,Jackson,sp
2086,26923,Chuck,James,sp
2087,27207,Casey,Janssen,cl
2088,27212,Kenji,Johjima,c
2089,26936,Josh,Johnson,sp
2090,26529,Tyler,Johnson,mr
2091,27214,Adam,Jones,cf
2092,27218,Jeff,Karstens,sp
2093,27431,Matt,Kemp,cf
2094,27220,Howard,Kendrick,2b
2095,26708,Logan,Kensing,mr
2096,26534,Bobby,Keppel,mr
2097,26535,Josh,Kinney,mr
2098,26775,Ian,Kinsler,2b
2099,26213,John,Koronka,sp
2100,26697,Jason,Kubel,lf
2101,26921,Hong-Chih,Kuo,mr
2102,27228,Jon,Lester,sp
2103,26778,Francisco,Liriano,sp
2104,27233,Wes,Littleton,mr
2105,27235,Adam,Loewen,sp
2106,27423,Boone,Logan,mr
2107,27236,James,Loney,1b
2108,27439,Mark,Lowe,mr
2109,27422,Ruddy,Lugo,mr
2110,26931,Shaun,Marcum,sp
2111,27242,Nick,Markakis,rf
2112,27243,Carlos,Marmol,cl
2113,27244,Sean,Marshall,mr
2114,26781,Andy,Marte,3b
2115,27247,Russell,Martin,c
2116,27253,Tom,Mastny,mr
2117,27254,Juan,Mateo,sp
2118,27255,Scott,Mathieson,sp
2119,26545,Jeff,Mathis,c
2120,26901,Macay,McBride,mr
2121,26859,Cla,Meredith,mr
2122,27267,Lastings,Milledge,lf
2123,27433,Zach,Miner,mr
2124,27276,Kendrys,Morales,dh
2125,27425,Peter,Moylan,mr
2126,27280,Edward,Mujica,mr
2127,27283,Tommy,Murphy,cf
2128,27285,Mike,Napoli,c
2129,25791,Joe,Nelson,mr
2130,27289,Pat,Neshek,mr
2131,27292,Fernando,Nieve,mr
2132,27295,Ricky,Nolasco,sp
2133,27426,Mike,O'Connor,sp
2134,26886,Scott,Olsen,sp
2135,26792,Angel,Pagan,cf
2136,26922,Ronny,Paulino,c
2137,27309,Dustin,Pedroia,2b
2138,27311,Tony,Pena,mr
2139,26794,Yusmeiro,Petit,sp
2140,26267,Andy,Phillips,3b
2141,25664,Paul,Phillips,c
2142,26795,Renyel,Pinto,mr
2143,26796,Carlos,Quentin,lf
2144,26798,Hanley,Ramirez,3b
2145,26577,Ramon S.,Ramirez,mr
2146,25162,Ken,Ray,mr
2147,26800,Anthony,Reyes,sp
2148,26283,John,Rheinecker,mr
2149,25938,Saul,Rivera,mr
2150,26801,Sendy,Rleal,mr
2151,27337,Davis,Romero,mr
2152,26291,Cody,Ross,rf
2153,27342,Carlos,Ruiz,c
2154,26938,Josh,Rupe,mr
2155,27424,Takashi,Saito,mr
2156,27347,Chris,Sampson,mr
2157,26294,Brian,Sanches,mr
2158,27349,Anibal,Sanchez,sp
2159,27430,Jonathan,Sanchez,sp
2160,26912,Joe,Saunders,sp
2161,26807,Chris,Schroder,mr
2162,27365,James,Shields,sp
2163,26590,Kelly,Shoppach,c
2164,27374,Matt,Smith,mr
2165,26010,Chris,Snelling,lf
2166,27429,Alay,Soler,sp
2167,27379,Jeremy,Sowers,sp
2168,26895,Ryan,Spilborghs,rf
2169,26314,Brian,Sweeney,mr
2170,26385,Jon,Switzer,mr
2171,26075,Brian,Tallet,mr
2172,27434,Taylor,Tankersley,mr
2173,27387,Ty,Taubenheim,sp
2174,26937,Ryan,Theriot,2b
2175,27389,Mike,Thompson,mr
2176,27392,Scott,Thorman,1b
2177,27457,Troy,Tulowitzki,ss
2178,27398,Dan,Uggla,2b
2179,26889,Justin,Verlander,sp
2180,27401,Carlos,Villanueva,mr
2181,26919,Edinson,Volquez,sp
2182,26605,Adam,Wainwright,sp
2183,27421,Jered,Weaver,sp
2184,26607,Josh,Willingham,lf
2185,27414,Brian,Wilson,cl
2186,27417,Chris,Young,cf
2187,26828,Delmon,Young,dh
2188,26916,Ryan,Zimmerman,3b
2189,27445,Ben,Zobrist,rf
2190,27419,Joel,Zumaya,mr
2191,26729,Daric,Barton,1b
2192,26927,Dan,Ortmeier,1b
2193,27402,Joey,Votto,1b
2194,24998,Jason,Wood,1b
2195,27077,Erick,Aybar,ss
2196,27840,Asdrubal,Cabrera,ss
2197,27458,Alexi,Casilla,2b
2198,26500,Mike,Fontenot,2b
2199,27839,Danny,Richar,2b
2200,26584,Mike,Rouse,2b
2201,27504,Tony,Abreu,3b
2202,27497,Ryan,Braun,lf
2203,27838,Brian,Buscher,3b
2204,27112,Alberto,Callaspo,3b
2205,27157,Josh,Fields,3b
2206,27805,Andy,Gonzalez,3b
2207,27495,Alex,Gordon,lf
2208,26179,Jack,Hannahan,3b
2209,27502,Akinori,Iwamura,2b
2210,27223,Kevin,Kouzmanoff,3b
2211,27225,Andy,LaRoche,3b
2212,27826,Travis,Metcalf,3b
2213,27720,Mark,Reynolds,1b
2214,27344,Brendan,Ryan,ss
2215,27071,Josh,Anderson,lf
2216,27135,Rajai,Davis,lf
2217,27791,Alejandro,De Aza,cf
2218,27148,Elijah,Dukes,rf
2219,27790,Josh,Hamilton,cf
2220,27452,Norris,Hopper,cf
2221,27857,Nyjer,Morgan,cf
2222,27282,David,Murphy,lf
2223,27302,Jerry,Owens,cf
2224,27312,Hunter,Pence,rf
2225,27318,Felix,Pie,lf
2226,26711,Ryan,Raburn,2b
2227,27111,Billy,Butler,dh
2228,27151,Shelley,Duncan,lf
2229,26772,Garrett,Jones,1b
2230,26734,Jason,Botts,lf
2231,26735,Michael,Bourn,cf
2232,25858,Joe,Dillon,2b
2233,27576,Jacoby,Ellsbury,cf
2234,27601,Carlos,Gomez,cf
2235,27461,Adam,Lind,1b
2236,27412,Reggie,Willits,lf
2237,26841,Jeff,Baker,1b
2238,27529,Travis,Buck,rf
2239,27229,Fred,Lewis,lf
2240,27474,Jeff,Salazar,lf
2241,27355,Nate,Schierholtz,rf
2242,26874,Skip,Schumaker,2b
2243,27768,Justin,Upton,rf
2244,27577,Yunel,Escobar,ss
2245,26182,Brendan,Harris,3b
2246,27310,Tony,Pena,ss
2247,26335,Josh,Wilson,2b
2248,27792,Jesus,Flores,c
2249,26935,Chris,Heintz,c
2250,27274,Miguel,Montero,c
2251,27480,Mike,Rabelo,c
2252,27830,Guillermo,Rodriguez,c
2253,27498,Jarrod,Saltalamacchia,c
2254,26834,Geovany,Soto,c
2255,27761,Kurt,Suzuki,c
2256,27388,Curtis,Thigpen,c
2257,27793,Joakim,Soria,cl
2258,27499,Daisuke,Matsuzaka,sp
2259,26511,Jeremy,Guthrie,sp
2260,27545,Matt,Chico,sp
2261,27490,Micah,Owings,mr
2262,27821,Tim,Lincecum,sp
2263,27559,John,Danks,sp
2264,26656,Justin,Germano,sp
2265,27378,Andy,Sonnanstine,mr
2266,27646,Kyle,Kendrick,sp
2267,27657,Jesse,Litsch,mr
2268,27068,Matt,Albers,mr
2269,27488,Yovani,Gallardo,sp
2270,27211,Ubaldo,Jimenez,sp
2271,27802,Rick,VandenHurk,sp
2272,27438,Mike,Pelfrey,sp
2273,27486,Phil,Hughes,sp
2274,27103,Dallas,Braden,sp
2275,27500,Kei,Igawa,sp
2276,27487,Kevin,Slowey,sp
2277,26494,J.D.,Durbin,sp
2278,27455,Andrew,Miller,mr
2279,27473,Shane,Youman,sp
2280,27234,Bobby,Livingston,sp
2281,26518,Joel,Hanrahan,cl
2282,27719,Jo-Jo,Reyes,sp
2283,27649,Aaron,Laffey,sp
2284,27476,Ryan,Feierabend,sp
2285,27494,Homer,Bailey,sp
2286,27683,Franklin,Morales,mr
2287,27836,John,Lannan,sp
2288,27849,Billy,Buckner,sp
2289,25945,Tom,Shearn,sp
2290,27698,Garrett,Olson,mr
2291,27217,Jair,Jurrjens,sp
2292,27142,Matt,DeSalvo,sp
2293,27124,Tyler,Clippard,cl
2294,27108,Brian,Burres,sp
2295,26251,Dustin,Moseley,sp
2296,26106,Chris,Bootcheck,mr
2297,26008,Lee,Gardner,mr
2298,27501,Hideki,Okajima,mr
2299,27231,Matt,Lindstrom,mr
2300,27795,Brandon,Morrow,sp
2301,27385,Brian,Stokes,mr
2302,27313,Rafael,Perez,mr
2303,27537,Kevin,Cameron,mr
2304,27475,Justin,Hampson,mr
2305,27451,Eric,OFlaherty',mr
2306,26686,Santiago,Casilla,cl
2307,27818,Brian,Wolfe,mr
2308,26926,Dustin,Nippert,mr
2309,27797,Joe,Smith,mr
2310,27533,Jared,Burton,mr
2311,27209,Kelvin,Jimenez,mr
2312,27794,Jay,Marshall,mr
2313,26737,Andrew,Brown,mr
2314,27845,Daniel,Barone,mr
2315,27132,Jon,Coutlangus,mr
2316,26789,Patrick,Misch,sp
2317,27798,Levale,Speigner,mr
2318,27437,Nick,Masset,mr
2319,27459,Ryan,Braun,mr
2320,27464,Eric,Stults,sp
2321,26805,Ryan,Rowland-Smith,sp
2322,26883,Jonah,Bayliss,mr
2323,26855,Sean,Henn,mr
2324,27370,Doug,Slaten,mr
2325,27465,Juan,Salas,mr
2326,27796,Sean,White,mr
2327,27262,Mark,McLemore,mr
2328,27544,Rocky,Cherry,mr
2329,27446,Winston,Abreu,mr
2330,27653,Jensen,Lewis,mr
2331,27462,Glen,Perkins,cl
2332,27824,A.J.,Murray,mr
2333,27304,Manny,Parra,mr
2334,26803,Francisco,Rosario,mr
2335,27804,Neal,Musser,mr
2336,27454,Jim,Hoey,mr
2337,27843,Joba,Chamberlain,mr
2338,27346,Brad,Salmon,mr
2339,27847,Manny,Acosta,mr
2340,26586,Jae Kuk,Ryu,mr
2341,27301,Henry,Owens,mr
2342,27405,Ehren,Wassermann,mr
2343,27816,Mike,Zagurski,mr
2344,26707,Carmen,Cali,mr
2345,27829,Masumi,Kuwata,mr
2346,27834,Edwar,Ramirez,mr
2347,27837,Joe,Thatcher,mr
2348,27542,Andy,Cavazos,mr
2349,27141,Julio,DePaula,mr
2350,26581,Royce,Ring,mr
2351,27827,Marcus,McBeth,mr
2352,25062,Brian,Falkenborg,mr
2353,27851,Romulo,Sanchez,mr
2354,27075,Jose,Ascanio,mr
2355,27817,Troy,Cate,mr
2356,27193,Yoel,Hernandez,mr
2357,25029,Robinson,Cancel,c
2358,25677,Oscar,Salazar,lf
2359,25857,Mark,DiFelice,mr
2360,26163,Dan,Giese,mr
2361,26230,Charlie,Manning,mr
2362,26380,Roy,Corcoran,mr
2363,26703,Dan,Meyer,mr
2364,26724,John,Baker,c
2365,26726,Josh,Banks,sp
2366,26777,Bobby,Korecky,mr
2367,26811,Chris,Smith,mr
2368,26816,Ian,Stewart,3b
2369,26863,Jorge,Campillo,sp
2370,26885,Paul,McAnulty,lf
2371,26914,Joey,Devine,mr
2372,26915,Jason,Bulger,mr
2373,26929,Darrell,Rasner,sp
2374,26945,Anderson,Hernandez,ss
2375,27073,Joaquin,Arias,3b
2376,27074,Jose,Arredondo,mr
2377,27079,Wladimir,Balentien,lf
2378,27086,Brian,Bass,mr
2379,27096,Nick,Blackburn,sp
2380,27098,Gregor,Blanco,rf
2381,27117,Kory,Casto,1b
2382,27149,Phil,Dumatrait,mr
2383,27161,Ben,Francisco,rf
2384,27166,Armando,Galarraga,sp
2385,27171,Edgar,Gonzalez,2b
2386,27188,Ryan,Hanigan,c
2387,27192,Luis,Hernandez,ss
2388,27205,Travis,Ishikawa,1b
2389,27208,Cesar,Jimenez,mr
2390,27213,Jim,Johnson,cl
2391,27279,Brandon,Moss,1b
2392,27306,Eric,Patterson,2b
2393,27322,Martin,Prado,lf
2394,27329,Shawn,Riggans,c
2395,27336,Alex,Romero,rf
2396,27341,Justin,Ruggiano,cf
2397,27345,Marino,Salas,mr
2398,27353,Dennis,Sarfate,mr
2399,27364,Steven,Shell,mr
2400,27383,Mitch,Stetter,mr
2401,27415,Brandon,Wood,3b
2402,27418,Delwyn,Young,rf
2403,27420,Gio,Gonzalez,sp
2404,27447,Jose,Veras,mr
2405,27460,Ryan,Sweeney,rf
2406,27479,Billy,Sadler,mr
2407,27482,Mitch,Maier,lf
2408,27514,Burke,Badenhop,mr
2409,27519,Brian,Barton,lf
2410,27522,Brian,Bixler,rf
2411,27546,Jeff,Clement,1b
2412,27556,Johnny,Cueto,sp
2413,27567,Chris,Dickerson,cf
2414,27571,German,Duran,3b
2415,27581,Nick,Evans,1b
2416,27592,Sean,Gallagher,mr
2417,27597,Brett,Gardner,lf
2418,27602,Carlos,Gonzalez,lf
2419,27610,J.A.,Happ,sp
2420,27613,Matt,Harrison,sp
2421,27616,Chase,Headley,3b
2422,27632,Nick,Hundley,c
2423,27635,Paul,Janish,ss
2424,27643,Brandon,Jones,lf
2425,27644,Matthew,Joyce,rf
2426,27650,Bryan,LaHair,1b
2427,27651,Jeff,Larish,1b
2428,27654,Brent,Lillibridge,ss
2429,27660,Jed,Lowrie,ss
2430,27664,Warner,Madrigal,mr
2431,27675,Osiris,Matos,mr
2432,27693,Josh,Newman,mr
2433,27697,Ross,Ohlendorf,sp
2434,27699,Josh,Outman,mr
2435,27703,Steve,Pearce,lf
2436,27713,Max,Ramirez,c
2437,27715,Clay,Rapada,mr
2438,27727,Sean,Rodriguez,ss
2439,27733,Leo,Rosales,mr
2440,27736,Clint,Sammons,c
2441,27746,Seth,Smith,lf
2442,27750,Greg,Smith,sp
2443,27753,Denard,Span,cf
2444,27766,J.R.,Towles,c
2445,27772,Eugenio,Velez,lf
2446,27773,Will,Venable,rf
2447,27775,Chris,Volstad,sp
2448,27846,Jack,Cassel,mr
2449,27848,Clay,Buchholz,sp
2450,27850,Radhames,Liz,sp
2451,27852,Ian,Kennedy,sp
2452,27854,Alberto,Gonzalez,2b
2453,27855,Emilio,Bonifacio,cf
2454,27859,Chin-Lung,Hu,ss
2455,27860,Luke,Hochevar,sp
2456,27869,Kevin,Hart,sp
2457,27870,Luis,Mendoza,sp
2458,27872,Jerry,Blevins,mr
2459,27873,Carlos,Muniz,mr
2460,27877,Jay,Bruce,rf
2461,27878,Kosuke,Fukudome,rf
2462,27880,Masa,Kobayashi,mr
2463,27881,Hiroki,Kuroda,sp
2464,27882,Evan,Longoria,3b
2465,27883,Justin,Masterson,sp
2466,27886,Chris,Perez,cl
2467,27888,Max,Scherzer,sp
2468,27891,Yasuhiko,Yabuta,mr
2469,27924,Matt,Tolbert,2b
2470,27931,Mike,Aviles,ss
2471,27941,Brandon,Boggs,lf
2472,27949,Micah,Hoffpauir,rf
2473,27959,Ramon,Troncoso,mr
2474,27964,Blake,DeWitt,lf
2475,27968,Collin,Balester,mr
2476,27972,Brad,Ziegler,mr
2477,27978,Joe,Mather,cf
2478,27979,Kyle,McClellan,mr
2479,27983,Eddie,Bonine,mr
2480,27987,Steve,Holm,c
2481,27988,Pablo,Sandoval,3b
2482,27990,Geno,Espineli,mr
2483,27991,John,Bowker,rf
2484,28002,Aaron,Cunningham,lf
2485,28014,Sergio,Romo,mr
2486,28016,Alex,Hinshaw,mr
2487,28037,Clayton,Richard,sp
2488,28062,Chris,Davis,dh
2489,28076,Greg,Reynolds,mr
2490,28087,Clayton,Kershaw,sp
2491,28126,Darren,ODay',mr
2492,28135,Randor,Bierd,mr
2493,28136,Wesley,Wright,mr
2494,28139,Alexei,Ramirez,ss
2495,28140,David,Purcey,mr
2496,28141,Brian,Bocock,ss
2497,28142,Clete,Thomas,rf
2498,28144,Jesse,Carlson,mr
2499,28145,Emmanuel,Burriss,2b
2500,28148,Cory,Wade,mr
2501,28153,Freddy,Dolsi,mr
2502,28155,Luke,Carlin,c
2503,28156,Luis,Maza,2b
2504,28158,Garrett,Mock,sp
2505,28159,Adam,Russell,mr
2506,28160,Mitchell,Boggs,mr
2507,28161,Ryan,Tucker,mr
2508,28162,Charlie,Morton,sp
2509,28166,David,Robertson,mr
2510,28167,Roger,Bernadina,cf
2511,28170,Jeff,Samardzija,sp
2512,28171,Argenis,Reyes,2b
2513,28172,Alberto,Castillo,mr
2514,28173,Ivan,Ochoa,ss
2515,28174,Taylor,Teagarden,c
2516,28175,Scott,Richmond,sp
2517,28177,Daniel,Murphy,2b
2518,28179,Travis,Snider,rf
2519,28182,Chris,Waters,sp
2520,28183,Lou,Montanez,lf
2521,28184,Cliff,Pennington,ss
2522,28193,Alfredo,Aceves,cl
2523,28194,Ramon,Ramirez,sp
2524,28195,Josh,Geer,sp
2525,28207,Dusty,Ryan,c
2526,26039,Joe,Thurston,3b
2527,26091,Jeff,Bailey,1b
2528,26190,Michel,Hernandez,c
2529,26239,Darnell,McDonald,lf
2530,26332,Eli,Whiteside,c
2531,26560,Chris,Narveson,sp
2532,26680,Merkin,Valdez,mr
2533,26722,Michael,Aubrey,1b
2534,26832,Brayan,Pena,c
2535,26862,Jeffrey,Fiorentino,cf
2536,26866,Yorman,Bazardo,sp
2537,26924,Robert,Andino,2b
2538,27082,Brian,Barden,3b
2539,27178,Juan,Gutierrez,mr
2540,27222,George,Kottaras,c
2541,27246,J.D.,Martin,sp
2542,27261,Casey,McGehee,1b
2543,27266,Jose,Mijares,mr
2544,27291,Jeff,Niemann,sp
2545,27294,Jayson,Nix,3b
2546,27308,Felipe,Paulino,sp
2547,27332,Ryan,Roberts,3b
2548,27343,Randy,Ruiz,dh
2549,27354,Bobby,Scales,lf
2550,27435,Jeff,Fulchino,mr
2551,27491,Donald,Veal,mr
2552,27511,Alberto,Arias,mr
2553,27523,Michael,Brantley,cf
2554,27525,Reid,Brignac,ss
2555,27527,Lance,Broadway,mr
2556,27530,Billy,Buckner,sp
2557,27560,Wade,Davis,mr
2558,27574,Mike,Ekstrom,mr
2559,27575,Scott,Elbert,mr
2560,27587,Carlos,Fisher,mr
2561,27588,Jake,Fox,c
2562,27590,Sam,Fuld,rf
2563,27593,Mat,Gamel,1b
2564,27615,Blake,Hawksworth,mr
2565,27634,Steven,Jackson,mr
2566,27636,Jason,Jaramillo,c
2567,27667,Matt,Maloney,sp
2568,27674,Doug,Mathis,mr
2569,27677,Cameron,Maybin,cf
2570,27678,Andrew,McCutchen,cf
2571,27700,Matt,Palmer,mr
2572,27717,Nolan,Reimold,lf
2573,27730,Ricky,Romero,sp
2574,27732,Adam,Rosales,2b
2575,27743,Tony,Sipp,mr
2576,27757,Nick,Stavinoha,rf
2577,27760,Drew,Sutton,lf
2578,27762,Anthony,Swarzak,mr
2579,27769,Luis,Valbuena,3b
2580,27771,Esmerling,Vasquez,sp
2581,27779,Randy,Wells,mr
2582,27823,Virgil,Vasquez,sp
2583,27831,Brett,Carroll,rf
2584,27858,Rich,Thompson,mr
2585,27862,Rob,Johnson,c
2586,27865,Ross,Detwiler,sp
2587,27866,Justin,Maxwell,cf
2588,27867,Jonathan,Albaladejo,mr
2589,27871,Jose,Morales,c
2590,27874,Drew,Macias,lf
2591,27887,Colby,Rasmus,cf
2592,27928,Francisco,Cervelli,c
2593,27933,Landon,Powell,c
2594,27945,Diory,Hernandez,ss
2595,27953,Samuel,Gervacio,mr
2596,27960,James,McDonald,sp
2597,27967,Josh,Whitesell,1b
2598,27973,Lou,Marson,c
2599,27994,Chris,Gimenez,c
2600,28003,Brian,Duensing,mr
2601,28010,Clayton,Mortensen,mr
2602,28017,Kyle,Blanks,lf
2603,28023,Chris,Getz,2b
2604,28029,Jordan,Schafer,cf
2605,28054,Fernando,Martinez,lf
2606,28069,Jeff,Manship,mr
2607,28071,Wade,LeBlanc,mr
2608,28073,David,Huff,sp
2609,28078,Andrew,Bailey,cl
2610,28115,Daniel Ray,Herrera,mr
2611,28117,Gerardo,Parra,cf
2612,28121,Sean,O'Sullivan,sp
2613,28122,Tommy,Hanson,sp
2614,28134,Evan,Meek,mr
2615,28147,Robinzon,Diaz,c
2616,28176,Tommy,Hunter,sp
2617,28188,Dirk,Hayhurst,mr
2618,28190,Jonathon,Niese,sp
2619,28191,Jesse,Chavez,mr
2620,28196,Phil,Coke,mr
2621,28198,Luis,Cruz,3b
2622,28199,Dexter,Fowler,cf
2623,28201,David,Price,sp
2624,28202,Bobby,Parnell,mr
2625,28203,Alcides,Escobar,ss
2626,28204,Shairon,Martis,sp
2627,28208,Edwin,Maysonet,2b
2628,28212,Jason,Motte,cl
2629,28213,Omir,Santos,c
2630,28214,Jeff,Gray,mr
2631,28216,Kevin,Jepsen,mr
2632,28218,Josh,Roenicke,mr
2633,28221,Matt,Wieters,c
2634,28222,Matt,LaPorta,1b
2635,28224,Daniel,Bard,sp
2636,28228,Mark,Melancon,mr
2637,28230,Trevor,Cahill,sp
2638,28231,Brett,Anderson,sp
2639,28232,Vin,Mazzaro,mr
2640,28233,Daniel,McCutchen,mr
2641,28234,Luke,Gregerson,mr
2642,28235,Derek,Holland,sp
2643,28236,Brett,Cecil,mr
2644,28237,Jordan,Zimmermann,sp
2645,28238,Brad,Bergesen,mr
2646,28246,Brent,Leach,mr
2647,28250,Joe,Martinez,sp
2648,28252,David,Hernandez,mr
2649,28257,Chris,Coghlan,lf
2650,28259,Chris,Tillman,sp
2651,28265,Kenshin,Kawakami,sp
2652,28266,Koji,Uehara,mr
2653,28267,Trevor,Crowe,cf
2654,28268,Rick,Porcello,sp
2655,28269,Ryan,Perry,mr
2656,28271,Everth,Cabrera,ss
2657,28272,Shawn,Kelley,mr
2658,28273,Chris,Jakubauskas,mr
2659,28274,Edwin,Moreno,mr
2660,28275,Ramiro,Pena,3b
2661,28276,Elvis,Andrus,ss
2662,28277,Luis,Perdomo,mr
2663,28279,David,Patton,mr
2664,28280,Ronald,Belisario,mr
2665,28282,Rafael,Rodriguez,mr
2666,28284,Matt,Daley,mr
2667,28287,Ken,Takahashi,mr
2668,28288,Tyler,Greene,2b
2669,28289,Robert,Ray,sp
2670,28290,Sean,West,sp
2671,28294,Clay,Zavada,mr
2672,28295,Lucas,French,sp
2673,28296,Kris,Medlen,mr
2674,28297,Greg,Burke,mr
2675,28300,Craig,Stammen,mr
2676,28301,Cristhian,Martinez,mr
2677,28304,Jason,Berken,mr
2678,28306,Daniel,Schlereth,mr
2679,28309,Gordon,Beckham,2b
2680,28310,Jess,Todd,mr
2681,28312,Tim,Wood,mr
2682,28315,Ryan,Sadowski,sp
2683,28316,Fu-Te,Ni,mr
2684,28317,Julio,Borbon,cf
2685,28320,Marc,Rzepczynski,mr
2686,28321,Ryan,Webb,mr
2687,28323,Mat,Latos,sp
2688,28324,Craig,Tatum,c
2689,28325,Carlos,Torres,mr
2690,28326,Neftali,Feliz,sp
2691,28329,Michael,Saunders,cf
2692,28330,Tommy,Everidge,1b
2693,28331,Bud,Norris,sp
2694,28332,Junichi,Tazawa,mr
2695,28334,Brian,Matusz,mr
2696,28335,Drew,Stubbs,cf
2697,28337,Wyatt,Toregas,c
2698,28341,Alex,Avila,c
2699,28342,Doug,Fister,sp
2700,28344,Esmailin,Caridad,mr
2701,28346,Brandon,Allen,1b
2702,28350,Josh,Thole,c
2703,28365,Ian,Desmond,ss
2704,28430,Fernando,Abad,mr
2705,28406,Pedro,Alvarez,3b
2706,28084,Hector,Ambriz,mr
2707,28399,Jake,Arrieta,sp
2708,28501,Luis,Atilano,sp
2709,28361,John,Axford,cl
2710,28443,Darwin,Barney,2b
2711,28120,Antonio,Bastardo,mr
2712,28416,Josh,Bell,3b
2713,28343,Trevor,Bell,mr
2714,28336,Justin,Berg,mr
2715,28502,Brennan,Boesch,rf
2716,27937,Jason,Bourgeois,cf
2717,28437,Peter,Bourjos,cf
2718,28051,Michael,Bowden,mr
2719,28387,Zach,Braddock,mr
2720,27876,Jordan,Brown,1b
2721,26942,Bryan,Bullington,mr
2722,28366,Madison,Bumgarner,sp
2723,28503,Alex,Burnett,mr
2724,28504,Drew,Butera,c
2725,28038,Lorenzo,Cain,cf
2726,27541,Carlos,Carrasco,sp
2727,28372,Matt,Carson,rf
2728,28440,Chris,Carter,1b
2729,27116,Chris,Carter,lf
2730,28393,Andrew,Cashner,mr
2731,28505,Bobby,Cassevah,mr
2732,28411,Jason,Castro,c
2733,28375,Starlin,Castro,ss
2734,28327,Jhoulys,Chacin,sp
2735,28436,Casey,Coleman,sp
2736,28102,Tyler,Colvin,rf
2737,27127,Brooks,Conrad,3b
2738,28506,Allen,Craig,1b
2739,28507,Ike,Davis,1b
2740,27992,Brad,Davis,c
2741,28407,Sam,Demel,mr
2742,27565,Thomas,Diamond,mr
2743,28067,Jason,Donald,3b
2744,28408,Felix,Doubront,sp
2745,28313,Matt,Downs,1b
2746,28456,Lucas,Duda,rf
2747,28354,Michael,Dunn,mr
2748,27961,A.J.,Ellis,c
2749,28510,John,Ely,sp
2750,28131,Barry,Enright,sp
2751,28459,Danny,Espinosa,2b
2752,28400,Jesus,Feliciano,rf
2753,28223,David,Freese,3b
2754,27984,Ernesto,Frieri,cl
2755,27595,Jaime,Garcia,sp
2756,28473,Dillon,Gee,sp
2757,28106,Cole,Gillespie,lf
2758,28421,Jeanmar,Gomez,sp
2759,27182,Charlie,Haeger,sp
2760,28251,Brett,Hayes,c
2761,28261,Chris,Heisey,lf
2762,28052,Jeremy,Hellickson,sp
2763,28513,David,Herndon,mr
2764,28151,Jonathan,Herrera,ss
2765,28395,Frank,Herrmann,mr
2766,28254,John,Hester,c
2767,28514,Jason,Heyward,rf
2768,28435,Greg,Holland,cl
2769,28349,Daniel,Hudson,sp
2770,28359,Dusty,Hughes,mr
2771,28517,Ryota,Igarashi,mr
2772,28041,Austin,Jackson,cf
2773,28423,Kenley,Jansen,cl
2774,27637,John,Jaso,dh
2775,28518,Jon,Jay,cf
2776,28256,Chris,Johnson,3b
2777,28209,Kila,Kaaihue',1b
2778,28434,Ryan,Kalish,cf
2779,26532,Don,Kelly,lf
2780,28376,Craig,Kimbrel,cl
2781,28448,Michael,Kirkman,mr
2782,28426,Michael,Kohn,mr
2783,28519,Mike,Leake,sp
2784,27652,Sam,LeCure,mr
2785,26925,Anthony,Lerew,sp
2786,28303,Christopher,Leroux,mr
2787,28520,Rommie,Lewis,mr
2788,28398,Brad,Lincoln,mr
2789,28347,Wilton,Lopez,mr
2790,28386,Jonathan,Lucroy,c
2791,28362,Tommy,Manzella,ss
2792,28360,Victor,Marte,mr
2793,28389,Frank,Mata,mr
2794,28442,Marcos,Mateo,mr
2795,28470,Yunesky,Maya,sp
2796,28444,Mike,McClendon,mr
2797,28367,Mike,McCoy,ss
2798,28521,Jenrry,Mejia,mr
2799,28441,Mike,Minor,sp
2800,28522,Carlos,Monasterios,mr
2801,28061,Adam,Moore,c
2802,27275,Scott,Moore,3b
2803,28431,Mitch,Moreland,1b
2804,28427,Logan,Morrison,lf
2805,28402,Daniel,Nava,lf
2806,28523,Jordan,Norberto,mr
2807,28380,Ivan,Nova,sp
2808,28404,Alexi,Ogando,mr
2809,28524,Logan,Ondrusek,mr
2810,27963,Xavier,Paul,lf
2811,27307,David,Pauley,mr
2812,28356,Buster,Posey,c
2813,28525,Wilson,Ramos,c
2814,28538,Matt,Reynolds,mr
2815,28425,Will,Rhymes,2b
2816,28527,Francisco,Rodriguez,mr
2817,28373,Henry,Rodriguez,cl
2818,28368,Esmil,Rogers,mr
2819,28163,Carlos,Rosa,mr
2820,28528,Tyson,Ross,sp
2821,28357,Dan,Runzler,mr
2822,28529,James,Russell,mr
2823,28345,Rusty,Ryal,lf
2824,28391,Fernando,Salas,mr
2825,28438,Chris,Sale,sp
2826,28413,Alejandro,Sanabia,sp
2827,28021,Gaby,Sanchez,1b
2828,27348,Angel,Sanchez,ss
2829,28401,Carlos,Santana,c
2830,27352,Sergio,Santos,cl
2831,28311,Travis,Schlichting,mr
2832,27358,Chris,Seddon,mr
2833,27367,Alfredo,Simon,mr
2834,28099,Scott,Sizemore,3b
2835,28405,Jordan,Smith,mr
2836,28530,Justin,Smoak,1b
2837,28396,Giancarlo,Stanton,rf
2838,28042,Jeff,Stevens,mr
2839,28384,Drew,Storen,mr
2840,28397,Stephen,Strasburg,sp
2841,28031,Jose,Tabata,rf
2842,28532,Hisanori,Takahashi,mr
2843,27489,Mitch,Talbot,sp
2844,28533,Ruben,Tejada,ss
2845,28534,Kanekoa,Texeira,mr
2846,25816,Brad,Thomas,mr
2847,28428,Josh,Tomlin,sp
2848,28211,Matt,Tuiasosopo,lf
2849,28536,Raul,Valdes,mr
2850,28394,Danny,Valencia,3b
2851,27948,Jonny,Venters,mr
2852,28409,Dayan,Viciedo,lf
2853,28449,Jordan,Walden,mr
2854,27976,Neil,Walker,2b
2855,28433,Brett,Wallace,1b
2856,28281,P.J.,Walters,sp
2857,28417,Robbie,Weinhardt,mr
2858,28382,Casper,Wells,lf
2859,27906,Bobby,Wilson,c
2860,28381,Blake,Wood,mr
2861,27784,Travis,Wood,sp
2862,28383,Danny,Worth,2b
2863,28333,Eric,Young,cf
2864,27540,Mike,Carp,1b
2865,28596,David,Cooper,1b
2866,28454,Freddie,Freeman,1b
2867,28694,Paul,Goldschmidt,1b
2868,27934,Jesus,Guzman,lf
2869,28602,Eric,Hosmer,1b
2870,28100,Chris,Marrero,1b
2871,28200,Juan,Miranda,1b
2872,28754,Jordan,Pacheco,3b
2873,28753,Chris,Parmelee,1b
2874,28649,Anthony,Rizzo,1b
2875,28481,Mark,Trumbo,lf
2876,28658,Dustin,Ackley,2b
2877,28618,Ryan,Adams,2b
2878,28682,Jose,Altuve,2b
2879,28638,Brian,Dinkelman,2b
2880,28700,Johnny,Giavotella,2b
2881,28515,Luke,Hughes,2b
2882,28683,Jason,Kipnis,2b
2883,27895,Chris,Nelson,3b
2884,28646,Cord,Phelps,2b
2885,28079,Justin,Turner,2b
2886,28643,Jemile,Weeks,2b
2887,28664,Lonnie,Chisenhall,3b
2888,28488,Daniel,Descalso,2b
2889,28601,Logan,Forsythe,2b
2890,28369,Juan,Francisco,3b
2891,28621,Todd,Frazier,3b
2892,28633,Josh,Harrison,2b
2893,28696,Brett,Lawrie,3b
2894,28573,Michael,Martinez,2b
2895,28472,Brent,Morel,3b
2896,28648,Mike,Moustakas,3b
2897,28693,Jimmy,Paredes,rf
2898,28670,Kyle,Seager,3b
2899,28439,J.P.,Arencibia,c
2900,28679,Robinson,Chirinos,c
2901,28482,Hank,Conger,c
2902,28291,Carlos,Corporan,c
2903,28623,Tony,Cruz,c
2904,28352,Tyler,Flowers,c
2905,28675,Luis,Martinez,c
2906,28109,Michael,McKenry,c
2907,28733,Devin,Mesoraco,c
2908,28465,Mike,Nickeas,c
2909,28706,Salvador,Perez,c
2910,28348,Kyle,Phillips,c
2911,28748,Wilin,Rosario,c
2912,27384,Chris,Stewart,c
2913,28677,Matt,Angle,cf
2914,28615,Tony,Campana,cf
2915,28617,Ezequiel,Carrera,lf
2916,28353,Craig,Gentry,cf
2917,27676,John,Mayberry,cf
2918,28378,Bryan,Petersen,lf
2919,27324,Jason,Pridie,cf
2920,28469,Ben,Revere,rf
2921,28609,Javy,Guerra,cl
2922,28726,Jesus,Montero,dh
2923,28455,Yonder,Alonso,1b
2924,28564,Brandon,Belt,1b
2925,28644,Charlie,Blackmon,lf
2926,28688,Collin,Cowgill,lf
2927,28607,Andy,Dirks,lf
2928,28495,Greg,Halman,lf
2929,28453,Desmond,Jennings,lf
2930,28690,J.D.,Martinez,lf
2931,27696,Trent,Oeltjen,lf
2932,28588,Carlos,Peguero,lf
2933,28480,Alex,Presley,lf
2934,28698,Trayvon,Robinson,lf
2935,28587,Jerry,Sands,lf
2936,28701,Dave,Sappelt,rf
2937,28612,Eric,Thames,lf
2938,28595,Rene,Tosoni,lf
2939,28575,Nathan,Adcock,mr
2940,28582,Al,Alburquerque,mr
2941,28653,Anthony,Bass,sp
2942,28568,Pedro,Beato,mr
2943,28685,Duane,Below,mr
2944,28640,Rex,Brothers,mr
2945,28665,David,Carpenter,mr
2946,28712,Joel,Carreno,mr
2947,28123,Jose,Ceda,mr
2948,28452,Aroldis,Chapman,cl
2949,28493,Steve,Cishek,cl
2950,28589,Louis,Coleman,mr
2951,28574,Tim,Collins,mr
2952,28561,Aaron,Crow,mr
2953,28129,Fautino,De Los Santos,mr
2954,28388,Enerio,Del Rosario,mr
2955,27145,Tim,Dillard,mr
2956,28475,Edgmer,Escalona,mr
2957,28298,Sergio,Escalona,mr
2958,28187,Marco,Estrada,sp
2959,28620,Charlie,Furbush,mr
2960,28591,Cory,Gearrin,mr
2961,28600,Brandon,Gomes,mr
2962,28630,Jeremy,Horst,mr
2963,28457,Jeremy,Jeffress,mr
2964,28634,Josh,Lindblom,mr
2965,28461,Cory,Luebke,sp
2966,28578,Josh,Lueke,mr
2967,28635,Lance,Lynn,sp
2968,28652,Ryan,Mattheus,mr
2969,27679,Jake,McGee,mr
2970,28599,Daniel,Moskos,mr
2971,28611,Hector,Noesi,sp
2972,28667,Lester,Oliveros,mr
2973,28579,Joe,Paterson,mr
2974,27702,Troy,Patton,mr
2975,28581,Lance,Pendleton,mr
2976,28583,Luis,Perez,mr
2977,28498,Vinnie,Pestano,mr
2978,27714,Cesar,Ramos,mr
2979,28567,Aneury,Rodriguez,mr
2980,28286,Fernando,Rodriguez,mr
2981,28687,Chance,Ruffin,mr
2982,28580,Eduardo,Sanchez,mr
2983,28650,Bryan,Shaw,mr
2984,28661,Josh,Spence,mr
2985,27892,Pedro,Strop,mr
2986,28592,Michael,Stutes,mr
2987,28622,Yoshinori,Tateyama,mr
2988,28613,Everett,Teaford,mr
2989,28497,Anthony,Varvaro,mr
2990,28560,Brayan,Villarreal,mr
2991,28704,Arodys,Vizcaino,mr
2992,28645,Tony,Watson,mr
2993,28570,Tom,Wilhelmsen,cl
2994,28462,Brian,Bogusevic,rf
2995,28429,Domonic,Brown,rf
2996,27549,Jose,Constanza,lf
2997,28338,Josh,Reddick,rf
2998,28699,J.B.,Shuck,rf
2999,28673,Mike,Trout,cf
3000,28703,Henderson,Alvarez,sp
3001,28494,Brandon,Beachy,sp
3002,28668,Blake,Beavan,sp
3003,28563,Zach,Britton,sp
3004,28566,Tyler,Chatwood,sp
3005,28598,Alex,Cobb,sp
3006,28585,Josh,Collmenter,mr
3007,28625,Rubby,De La Rosa,sp
3008,28659,Randall,Delgado,sp
3009,28678,Scott,Diamond,sp
3010,28485,Kyle,Drabek,sp
3011,28614,Danny,Duffy,sp
3012,28697,Nathan,Eovaldi,sp
3013,28647,Graham,Godfrey,sp
3014,28642,Brad,Hand,sp
3015,27200,Philip,Humber,sp
3016,28632,Jordan,Lyles,sp
3017,28708,Wade,Miley,sp
3018,28739,Tom,Milone,sp
3019,28227,Guillermo,Moscoso,mr
3020,28629,Juan,Nicasio,sp
3021,28562,Michael,Pineda,sp
3022,28127,Henry,Sosa,sp
3023,28657,Zach,Stewart,mr
3024,28718,Eric,Surkamp,sp
3025,28713,Anthony,Vasquez,sp
3026,28597,Alex,White,sp
3027,28424,Vance,Worley,sp
3028,28628,Brandon,Crawford,ss
3029,28662,Chase,dArnaud',ss
3030,28641,Dee,Gordon,ss
3031,27639,Elliot,Johnson,ss
3032,28565,Tsuyoshi,Nishioka,ss
3033,28446,Eduardo,Nunez,ss
3034,28385,Trevor,Plouffe,3b
3035,28707,Justin,Sellers,ss
3036,27268,Jim,Miller,mr
3037,27603,Miguel,Gonzalez,sp
3038,27611,Lucas,Harrell,sp
3039,27890,Dale,Thayer,mr
3040,28060,Barret,Browning,mr
3041,28086,Brian,Omogrosso,mr
3042,28089,Will,Harris,mr
3043,28108,Tyler,Robertson,mr
3044,28181,Francisley,Bueno,mr
3045,28260,Casey,Fien,mr
3046,28263,Welington,Castillo,c
3047,28292,Shane,Robinson,cf
3048,28319,Jose,Lobaton,c
3049,28322,Jairo,Asencio,mr
3050,28392,Adam,Ottavino,mr
3051,28420,Erik,Kratz,c
3052,28450,Samuel,Deduno,sp
3053,28451,Scott,Maine,mr
3054,28460,Scott,Cousins,cf
3055,28468,Mike,Baxter,rf
3056,28474,Jarrod,Dyson,cf
3057,28478,Brandon,Kintzler,mr
3058,28479,Pedro,Ciriaco,3b
3059,28483,Mark,Rogers,sp
3060,28486,Eric,Sogard,3b
3061,28509,Josh,Donaldson,3b
3062,28535,Steven,Tolleson,3b
3063,28590,Cody,Eppley,mr
3064,28593,Evan,Scribner,mr
3065,28594,Alexi,Amarista,2b
3066,28605,Jose,Iglesias,ss
3067,28616,Peter,Kozma,ss
3068,28631,DJ,LeMahieu,2b
3069,28639,Matt,Carpenter,1b
3070,28654,Andrew,Brown,rf
3071,28669,Hector,Santiago,mr
3072,28671,Zack,Cozart,ss
3073,28672,Zach,McAllister,sp
3074,28676,Hector,Sanchez,c
3075,28686,Ryan,Cook,cl
3076,28691,Jacob,Turner,sp
3077,28705,Garrett,Richards,mr
3078,28709,Michael,Schwimer,mr
3079,28710,Ryan,Lavarnway,c
3080,28711,Steve,Edlefsen,mr
3081,28714,Anthony,Recker,c
3082,28716,Darin,Mastroianni,rf
3083,28717,Andy,Parrino,ss
3084,28721,Taylor,Green,1b
3085,28724,Brad,Brach,mr
3086,28725,Nick,Hagadone,mr
3087,28727,Luis,Marte,mr
3088,28728,Corey,Kluber,sp
3089,28734,Martin,Maldonado,c
3090,28741,Addison,Reed,cl
3091,28742,Eduardo,Escobar,3b
3092,28745,Kyle,Waldrop,mr
3093,28746,Matt,Dominguez,3b
3094,28749,Brett,Pill,1b
3095,28750,Liam,Hendriks,sp
3096,28755,Steve,Lombardozzi,2b
3097,28758,Dylan,Axelrod,sp
3098,28759,Alex,Liddi,3b
3099,28760,Jared,Hughes,mr
3100,28763,George,Kontos,mr
3101,28764,Pedro,Florimon,ss
3102,28765,Jeff,Locke,sp
3103,28766,Steve,Delabar,mr
3104,28768,Drew,Pomeranz,sp
3105,28772,Chad,Beck,mr
3106,28774,Matt,Moore,sp
3107,28775,Michael,Fiers,sp
3108,28777,Russ,Canzler,lf
3109,28778,Xavier,Cedeno,mr
3110,28781,Joe,Savery,mr
3111,28782,Kelvin,Herrera,mr
3112,28785,Steve,Clevenger,c
3113,28786,Rafael,Dolis,mr
3114,28787,Jarrod,Parker,sp
3115,28788,Tyler,Pastornicky,ss
3116,28789,Yoenis,Cespedes,lf
3117,28790,Freddy,Galvis,2b
3118,28791,Norichika,Aoki,rf
3119,28792,Yu,Darvish,sp
3120,28793,Lucas,Luetge,mr
3121,28794,Munenori,Kawasaki,ss
3122,28795,Erasmo,Ramirez,sp
3123,28796,Wei-Yin,Chen,sp
3124,28799,Robbie,Ross,mr
3125,28800,Nate,Jones,mr
3126,28801,Marwin,Gonzalez,ss
3127,28802,Ryan,Flaherty,2b
3128,28803,Lendy,Castillo,mr
3129,28804,Rhiner,Cruz,mr
3130,28806,David,Phelps,mr
3131,28808,Kirk,Nieuwenhuis,cf
3132,28809,Drew,Smyly,sp
3133,28810,Joe,Wieland,sp
3134,28814,A.J.,Pollock,cf
3135,28815,Drew,Hutchison,sp
3136,28816,Pedro,Figueroa,mr
3137,28818,Jordany,Valdespin,lf
3138,28819,Jeremy,Hefner,sp
3139,28821,J.J.,Hoover,mr
3140,28822,Wily,Peralta,sp
3141,28823,Hisashi,Iwakuma,sp
3142,28824,Bryce,Harper,cf
3143,28825,Luke,Putkonen,mr
3144,28826,Tyler,Moore,lf
3145,28827,Patrick,Corbin,sp
3146,28828,Dan,Jennings,mr
3147,28830,Will,Middlebrooks,3b
3148,28832,Miles,Mikolas,mr
3149,28833,Irving,Falu,2b
3150,28834,Brian,Dozier,ss
3151,28836,Jose,Quintana,sp
3152,28837,Christian,Friedrich,sp
3153,28840,Xavier,Avery,lf
3154,28841,Mauro,Gomez,1b
3155,28844,Jake,Diekman,mr
3156,28845,Elian,Herrera,3b
3157,28847,Yan,Gomes,1b
3158,28850,Matt,Adams,1b
3159,28851,Gorkys,Hernandez,cf
3160,28852,Donovan,Solano,2b
3161,28854,Will,Smith,sp
3162,28855,Quintin,Berry,lf
3163,28856,Cole,De Vries,sp
3164,28858,Chuckie,Fick,mr
3165,28861,Scott,Barnes,mr
3166,28864,Sam,Freeman,mr
3167,28865,Yasmani,Grandal,c
3168,28866,Andrelton,Simmons,ss
3169,28867,Stephen,Pryor,mr
3170,28868,Elvin,Ramirez,mr
3171,28869,Sean,Doolittle,mr
3172,28871,Tanner,Scheppers,mr
3173,28872,Shawn,Tolleson,mr
3174,28875,Jordan,Danks,cf
3175,28878,B.J.,Rosenberg,mr
3176,28879,Brad,Boxberger,mr
3177,28880,Joe,Kelly,sp
3178,28882,Dallas,Keuchel,sp
3179,28884,Chris,Archer,sp
3180,28885,Derek,Norris,c
3181,28886,A.J.,Griffin,sp
3182,28887,Nick,Vincent,mr
3183,28888,Martin,Perez,sp
3184,28893,Darin,Downs,mr
3185,28896,Jeff,Bianchi,ss
3186,28897,Josh,Edgin,mr
3187,28898,Josh,Rutledge,ss
3188,28899,Luis,Avilan,mr
3189,28900,Aaron,Loup,mr
3190,28901,Miguel,Socolovich,mr
3191,28902,Steve,Johnson,mr
3192,28903,Anthony,Gose,rf
3193,28905,Stephen,Fife,sp
3194,28906,Trevor,Rosenthal,mr
3195,28908,Cody,Allen,mr
3196,28909,Ryan,Wheeler,3b
3197,28911,Jeff,Beliveau,mr
3198,28912,Jean,Segura,ss
3199,28913,Starling,Marte,lf
3200,28914,Matt,Harvey,sp
3201,28915,Jim,Henderson,mr
3202,28916,Moises,Sierra,rf
3203,28917,Alberto,Cabrera,mr
3204,28920,Carter,Capps,mr
3205,28921,Dan,Straily,sp
3206,28922,Mickey,Storey,mr
3207,28923,Cory,Burns,mr
3208,28924,Adeiny,Hechavarria,3b
3209,28925,Matt,McBride,rf
3210,28926,Brett,Jackson,cf
3211,28927,Josh,Vitters,3b
3212,28928,Chad,Jenkins,mr
3213,28930,Brandon,Barnes,cf
3214,28931,Manny,Machado,3b
3215,28934,Tom,Layne,mr
3216,28935,Rob,Brantly,c
3217,28938,Kyle,McPherson,mr
3218,28939,Chris,Rusin,sp
3219,28940,Tyler,Skaggs,sp
3220,28941,Andrew,Werner,sp
3221,28945,Casey,Kelly,sp
3222,28946,Tyler,Cloyd,sp
3223,28962,Adam,Eaton,cf